mp_id,formula,heat_capacity
mp-3635,LiBO2,237.77650155066075
mp-773906,KNaZrSi3H4O11,1297.879776650476
mp-4753,Al2SiO5,507.5938386620611
mp-558244,As(IF3)2,364.7090261814104
mp-989616,CaWN3,185.57431425304307
mp-771121,La2HfO5,648.93656206616
mp-18177,Ba3NbAs3O,747.893888253615
mp-27428,KBrO4,468.0292990645439
mp-555863,P4PtF12,309.33138555648515
mp-27342,Ge5F12,709.8253852355015
mp-28237,RbLiBr2,190.6970269559284
mp-39681,NaTi2BiO6,201.8069005083079
mp-29594,La5B4N9,1216.6126713360156
mp-634676,KHS,124.11627297264292
mp-989193,SnBrF,128.0405062525961
mp-18168,TlZnPO4,509.2622410159274
mp-560550,BaBi2(B2O5)2,1081.3402079711022
mp-3080,Ca5(Ga3O7)2,990.3376345389022
mp-28253,LiBiO2,321.98542577934285
mp-241,CdF2,68.13058601257379
mp-756578,LaMgI5,342.0747752184984
mp-4782,CaSnF6,170.93057915816337
mp-567629,CsPbBr3,494.7542572782358
mp-555797,Zn4As2O9,2322.410483574349
mp-556528,In4GeS4,1678.8189849548166
mp-975666,PrBrO,133.8323194529247
mp-29835,K2SnTe3,587.4157409913817
mp-753472,NbAlO4,432.561484849072
mp-23443,MnTlI3,483.8793890225681
mp-775944,Ba2Ti6N2O11,407.0443014617374
mp-23138,SbPbClO2,222.0788989927024
mp-8870,LiMgAsO4,522.6610721961288
mp-772850,La2Hf2O7,881.4134315243489
mp-560420,K3Bi2(PO4)3,704.390400857997
mp-1266,Na2Se,72.04606511385118
mp-12532,KAg2PS4,181.0346871799248
mp-752579,Tm2TiO5,626.3047933644339
mp-541040,Y2Be2GeO7,419.7939846211998
mp-1243,Ga2O3,191.68994115138537
mp-556463,KGe2BO6,689.5834530125499
mp-3756,SmTaO4,233.53659531099183
mp-567873,RbSmGeSe4,672.9370732301079
mp-27352,Sr(Ag3O2)2,991.4059243445392
mp-504539,CaLu2O4,584.1496236467374
mp-21228,SrCuSeF,189.88086990744367
mp-3257,KAuSe5,675.4993015506815
mp-677103,RbHF2,141.95703954867946
mp-14423,Ca(GaS2)2,1269.4861810859816
mp-9778,K2AgP,192.36971458675697
mp-560950,K2NaTlO3,633.4186511188246
mp-5014,CuAgS,282.2589532733492
mp-29200,KNO2,307.9807873140179
mp-558707,K2UAs2O9,1094.720745765782
mp-8248,Rb2TeO3,247.3789613781509
mp-3857,Ba3(PO4)2,238.23965449595684
mp-753160,BiOF,266.00898024677
mp-7293,HgPSe3,461.30215266776673
mp-28980,K3BiSe3,683.9627250378414
mp-467,Th3N4,147.12539370427106
mp-8042,ZrGeO4,221.0708530318328
mp-556884,CaSi2(NO)2,1348.2591410605592
mp-28837,K3RhCl6,949.1415864590384
mp-780396,SrCa2I6,882.6728087939528
mp-8111,LaOF,131.87789420290108
mp-8181,Li2CeN2,100.32042216526531
mp-6507,Na2Zn2Si2O7,476.6450055938864
mp-570258,Ca3(AlN2)2,344.05332584390766
mp-1047,Ca3N2,217.17694591841905
mp-984055,Ca7(H6Cl)2,297.4593068154211
mp-974267,KH8N3,297.97145297654066
mp-554004,ZnS,1283.69254260064
mp-680087,ZnS,2016.54875151592
mp-569675,Tl2Hg2PdCl8,310.2942146488176
mp-37906,LiMgN,55.09272679474337
mp-541001,LiInI4,575.3696772222562
mp-14964,Pr3TaO7,433.5247474284166
mp-772869,Ta7InO19,993.3718248084184
mp-23887,MgH12SO9,277.345278018256
mp-754157,AlInO3,185.64976881693684
mp-755184,Sm2Se2O,463.2410150813215
mp-556888,KSbF6,328.49534435967
mp-561547,SrSiO3,698.2665973713614
mp-8280,Ba(MgAs)2,117.99286290010532
mp-3934,Cu3PS4,356.3788414296118
mp-559227,RbGeBiS4,648.6646778628666
mp-558480,K2P2O5F2,368.9561291571731
mp-6126,LiCdBO3,307.2665424652069
mp-28903,Zr6FeCl14,975.148558038906
mp-8333,RbNaSnF6,1575.3621774330627
mp-556826,Ca(BO2)2,1214.0851945446743
mp-28275,Rb2PrCl5,773.9711944323409
mp-28439,KSc2F7,215.16991613555996
mp-13948,Cs2HfF6,201.27157116991503
mp-27292,Hg3As2F12,688.6770810015364
mp-16455,BaNd2ZnS5,422.4816963501828
mp-32850,Tm2Se3,968.1254926015732
mp-569149,K2TeCl6,199.76486801942275
mp-28348,Ba2As2Se5,869.8524534730888
mp-23408,Tl4Bi2S5,1063.813961418829
mp-568121,Mn4Si7,904.6803618934866
mp-13660,Ca4Sb2O,163.03476242728786
mp-569349,Rb2HgPSe5,1711.345102951254
mp-571607,CdI2,859.096874857556
mp-866651,KSiBiS4,629.153002405749
mp-14659,KAsSe2,384.9740580321654
mp-555507,Sr10Al2ClF25,1672.341344474759
mp-680205,PbI2,1113.7537161445002
mp-662599,Ag3AsSe3,2030.245424484884
mp-553875,Zr2SN2,98.95450782206522
mp-1143,Al2O3,163.98980479397414
mp-4052,Rb2Mn3Se4,419.6901851083583
mp-560129,Na3La2(BO3)3,298.46448956813634
mp-39,Tl,0.859989207551812
mp-567318,TlSbSe2,391.4248848501741
mp-772187,AlGaO3,715.1179367910788
mp-605642,KB3(HO3)2,2532.300021157956
mp-23092,Ba2TaBiO6,216.24238111691173
mp-15983,Ba2NaNb5O15,899.3365053394408
mp-557006,Na2SbSO4F3,834.0415476359303
mp-23582,KLi6BiO6,266.2812749554037
mp-776074,CaGeO3,585.9277086365064
mp-541451,Ga2(SO4)3,550.7011684202294
mp-756281,TmAlO3,370.6197897956204
mp-542737,TiZn2O4,561.8111243087932
mp-753809,BaCaI4,294.8390847421625
mp-559291,Sn2PCO6,632.5546879970926
mp-703275,NaSr3NdTi5O15,988.9291566664608
mp-8195,Ba2GeAs2,484.518774112162
mp-863423,SrGa12O19,1193.2471197180068
mp-643023,Mg2H4Ru,198.7830978104054
mp-560591,NaTi2Al5O12,702.1105390647117
mp-23660,KNa22C2S9ClO42,2770.12222939916
mp-15222,Rb2NbCuSe4,383.3017699760219
mp-28532,CrInBr3,481.25066047087904
mp-15844,TaPO5,234.22393316342055
mp-541911,HfNCl,122.17170837141656
mp-28800,K2Bi8Se13,560.6785151860647
mp-23569,AsSe6IF6,599.0896319365323
mp-573635,Ba2In2Se5,1745.5488095619744
mp-14620,Tm2CdSe4,338.7271834712108
mp-7949,Rb2GeF6,193.7827999522729
mp-29223,Ba3Si5O13,1388.4552818086938
mp-29314,RbVBr3,672.2138112085719
mp-11054,RbSn,788.5611271969818
mp-34477,LiSmS2,187.8366276673757
mp-37741,Ba(LaSe2)2,340.76383664229536
mp-558243,Ba2InClO3,314.93593795920583
mp-505001,Rb3ZnBr5,883.3590302033922
mp-557301,K2Ti(Si2O5)3,783.1292808508769
mp-1943,GaSe,189.14544080446592
mp-861503,Pr3Sb4Au3,488.8149907025632
mp-15649,As2Ir,277.34197045940994
mp-556039,Na3Y(BO3)2,861.2839139675671
mp-16872,RbLi2Ga2(BO3)3,554.6799483553973
mp-643579,SbH3OF6,700.9847941478484
mp-7773,Na2AsAu,193.32292324368223
mp-29920,Rb5Au3O2,477.57225715466063
mp-769138,Dy2Sb2O7,1232.6941040327995
mp-559642,CaZrAl9BO18,1001.2435946453792
mp-776890,Rb2O,580.8417619558049
mp-754202,CsClO3,192.66392035880904
mp-643371,K2Sn(H2N)6,285.3689748201384
mp-568228,RbLaSi(CN2)4,237.27294871917417
mp-6812,KBaPO4,525.2598290527942
mp-28727,La4Bi2S9,1417.248486058541
mp-1285,PtO2,108.35570376158456
mp-23363,NaAlCl4,536.191694198768
mp-555203,Sr5B3ClO9,660.8645490677413
mp-21489,Rb2PbO3,269.2711122266509
mp-5273,KPrTe2,98.11343704767442
mp-733877,CaB3H13O12,1336.8949491474136
mp-15740,SrZn2(AsO4)2,997.5389931619346
mp-3637,YOF,125.85378353430082
mp-9765,Nd2Pt2O7,429.8797710815465
mp-4995,LiSbO3,374.3287502078054
mp-647557,ZrPbO3,830.9068134847624
mp-4824,NaZnP,140.85504508444072
mp-30034,MgBr2,71.50666850218148
mp-696804,RbHS,125.6443760600622
mp-505814,CsBa2Nb3O10,327.504347608105
mp-628768,In4SnSe4,1737.233642448986
mp-3654,RbCaF3,112.40421184260047
mp-28448,DyCl3,188.75588260894617
mp-669334,CdI2,1111.7600745308391
mp-27484,Tl2O,138.32887138518538
mp-23029,Cs3Sb2I9,683.8849024148085
mp-755084,Na6MgO4,478.3938758558151
mp-15951,BeF2,153.43882418856612
mp-779608,Ba3(BO3)2,400.1550565017414
mp-16834,Zn3(AsO4)2,499.3355713422147
mp-572596,TlIn3S5,421.7394231284719
mp-29331,KH3F4,253.98139294681528
mp-759759,NaGa3P2(HO3)4,1342.307351076767
mp-697022,Ca6Si2H6O13,933.654323735255
mp-12295,Sr3La2(BO3)4,1445.2768021273305
mp-557632,K2LiBO3,255.71293801890317
mp-15733,CaTaAlO5,295.2203664905672
mp-29383,KGaSb2,1553.2725719072246
mp-8203,Zr(PS3)2,382.6897362624307
mp-638261,La2GeO5,650.3370986551666
mp-989580,Cs2KNF6,204.8689159870517
mp-756135,Tb3NbO7,423.83701074201673
mp-992141,Cs2IBrCl6,200.01045747189772
mp-555621,RbAl3(P3O10)2,945.9503616069044
mp-28315,Rb4CdBr6,542.8195977548675
mp-21562,Sm3InSe6,967.7993944963808
mp-3397,Ba2TiO4,581.6176507357457
mp-560847,Nb2TlPS10,606.0731815934548
mp-680144,CdI2,1408.2410509647978
mp-23632,Ca2BN2Cl,464.1666761420139
mp-9272,TlPt2S3,273.1336726976708
mp-42190,K2NaTiOF5,217.41027568382108
mp-7943,LiAs,367.8953954322413
mp-34291,Zr3InF15,802.2055662640568
mp-24473,BePH4NO4,534.1702779863667
mp-571260,AlInI4,561.1580600558914
mp-5836,ThSiO4,215.1280361099819
mp-554503,ZnS,1283.5378529240793
mp-6613,Ba2YTaO6,210.84401855219912
mp-7560,LuBO3,165.33715636101437
mp-554206,Cs2Al2As2O7,249.32234405201453
mp-779519,Ba4Hf3O10,723.9541247487223
mp-9273,K3Sb2Au3,196.21208110194144
mp-27247,Na3NbO4,656.2099613694019
mp-571015,CuP4Se4I,906.4527009447096
mp-707876,Ca3Be2P4(HO2)10,1075.2539489705462
mp-8974,Ba3Dy4O9,337.4356287122657
mp-27400,RbCdBr3,491.6607460311041
mp-37829,La5TlSe8,340.83979581749674
mp-7249,Ba3Nb2ZnO9,314.0477382052769
mp-7929,Rb2PtS2,117.9695846665407
mp-754736,BaSr3I8,295.3210546330549
mp-29313,Ta4P4S29,3191.3709730269784
mp-14374,Na3Rh(NO2)6,373.8747513651114
mp-8411,Na2AgAs,193.0584933417456
mp-561499,Dy3CuSnS7,553.4719180719351
mp-27385,KTlCl4,288.68233053520964
mp-15988,Li2CuSb,90.76504394083926
mp-14069,CsAlO2,155.53981784161834
mp-988,Si3N4,188.4350474918585
mp-28695,KSiH3,290.5133209172981
mp-560853,Tb3Si2S8I,620.7354356788559
mp-12271,MgSeO3,386.64100906604943
mp-554146,K14In4O13,1386.397729945052
mp-31107,As2Pb8O13,953.3917596875928
mp-27138,K2PdBr4,170.28228395478556
mp-29048,Sr(BiO2)2,298.7659258579312
mp-8590,K2HfF6,365.3763340841021
mp-554641,Sr3Mg(SiO4)2,524.0959841742581
mp-13287,BaCuTeF,189.5822532521612
mp-754409,HoBO3,167.02829520309362
mp-559037,Rb3Nb6SBr17,1280.225351488281
mp-7906,Al2HgS4,152.62719678406762
mp-680339,Mn4Si7,904.8026246164984
mp-29761,UCO5,117.0928178589579
mp-28608,Ga3Te3I,674.5249333453269
mp-4959,Ca(GaO2)2,555.9228550191542
mp-14339,K2Pd3Se4,432.3571899005871
mp-540619,K3SnTe3,686.5873428701237
mp-768960,Li5BO4,1333.1374429200694
mp-27544,Cs3Bi2Br9,333.3470127150486
mp-2908,Al2ZnO4,245.27907893789623
mp-9071,Na8TiAs4,619.5247576173646
mp-4790,ThGeO4,234.97480215471336
mp-10520,LiNdTiO4,271.74781125323096
mp-554382,K2CdP2O7,434.0141793148724
mp-14092,AlAgTe2,189.6260011181242
mp-770806,Sm2TiO5,636.3782368204937
mp-28517,Tl6SeI4,545.6250555563022
mp-779729,Na2Ti2O5,702.6358321059198
mp-568656,SiC,276.3145214518865
mp-19992,La6UO12,405.8131439013752
mp-11583,Zr2SN2,197.1147728316054
mp-14591,LiSbS2,556.5732288531738
mp-4681,NaNbO3,389.7763047271919
mp-699390,Pr4Si4N7ClO3,1344.5891298150934
mp-6578,Ba3B(PO4)3,1222.5049573782348
mp-27747,PdI2,291.4603965128942
mp-9705,Ba4Na(BN2)3,269.4721920124936
mp-989575,Cs2AlTlH6,153.04516807667918
mp-779156,CdSeO4,462.0944719793767
mp-555743,LiZnPO4,1911.1906123062424
mp-33363,LiYS2,185.5222112653171
mp-558941,LiYSiO4,494.1489501015746
mp-23145,Na4Al3Si3ClO12,806.6141651526358
mp-23495,K2ZnBr4,332.2644197189726
mp-3404,RbSO3,531.0092490897862
mp-984550,CsGaH4,175.28662855974306
mp-559908,LiTa3O8,1734.774651530126
mp-905,LaF3,539.4877556091838
mp-560798,Ba3Dy2(PS4)4,2191.350311913402
mp-17418,SmSnF7,772.1692645497252
mp-559759,CaAlBO4,455.1251776344907
mp-14333,TaAlO4,215.052940832286
mp-5401,Sr2B2O5,607.9422946710638
mp-6064,Sr3MgPtO6,458.0399559566096
mp-18101,K2Cd3S4,854.9903318988981
mp-642831,RbP(HO2)2,211.70836185888552
mp-696275,SnH8(NCl3)2,205.0002820001853
mp-6825,Ho2Si4CN6,826.0303631971769
mp-569238,Cs3LiI4,391.0864900676104
mp-542013,Rb4Zr3Se14,1009.0439616124204
mp-781555,CaMgB6H12O17,882.2807476438727
mp-27293,Tl4HgBr6,533.7492350449412
mp-24007,Rb2HBrO,215.13304716326644
mp-2234,Er2S3,694.4926632653567
mp-9295,TaCu3Te4,192.6033942024328
mp-556583,CsSb2F7,412.6646804031961
mp-769268,Sr4Ta2O9,613.3468767534828
mp-686004,Li3ScCl6,890.6820822469463
mp-28421,Cs2HgI4,336.7585107039215
mp-562854,CsNb2BiO7,445.22056263774925
mp-552454,SrTaNO2,194.75527109433057
mp-28683,Ta(ICl)2,237.6665609770709
mp-35205,LiErSe2,192.1497922586628
mp-561286,ZnS,916.9090192919743
mp-571193,MnP4,803.9566559124936
mp-571124,Cs2KScCl6,224.2848529157316
mp-554053,SrGaBO4,971.1213723237906
mp-6788,La3Ga5SnO14,448.4729573084736
mp-755322,BaNa6O4,494.91823933014433
mp-7999,Y2Si2O7,384.6040926050904
mp-651358,Ba2ErCl7,955.6395676454624
mp-989570,Cs2CaSnCl6,230.90334678829595
mp-28955,Mg3BN3,242.24049459137296
mp-6211,RbLiSO4,486.2556012538832
mp-753731,Ba2CaI6,441.3239337012621
mp-568348,P,1749.43883363972
mp-3336,LaGaO3,206.7519705934768
mp-938,GeTe,48.7783879990603
mp-571222,CsBr,49.58709039042721
mp-561511,FeAsS,257.08937092528123
mp-23446,GeBi2O5,325.7265872291508
mp-546864,Y2C(NO)2,128.24637703485985
mp-9582,Yb(ZnP)2,115.96021941796045
mp-7499,Tl2Sn2S5,422.6196504475968
mp-10973,K2Ga3CuSe6,1147.418163541637
mp-6023,Tl2Sn(AsS3)2,256.4884057156254
mp-29265,Nd2(SO4)3,544.1020900719845
mp-568060,Na4Ge2Te5,2131.4800443172944
mp-6964,NaTbO2,171.18502369464275
mp-568244,TlSn2Br5,388.2589249788066
mp-24747,Na3H6Rh,565.922002712034
mp-27425,Sr(HO)2,335.04721233808266
mp-6492,Ba2YSbO6,208.5102647397769
mp-558226,H2O,381.830099131278
mp-531296,Ge(PbS2)2,1302.0356202476858
mp-15559,KSb5S8,1303.157047680861
mp-541996,Pr2SiTeO4,623.9794405267058
mp-975275,RbNa2Sb,97.87570489214755
mp-30096,Be2Te7Cl6,685.945645298722
mp-770280,Li6Bi(BO3)3,1254.6669196515722
mp-22184,Ba2SmNbO6,205.1017722377481
mp-6485,La3SiAgSe7,570.465553374503
mp-555318,K2Zn(SiO3)2,401.5633155377896
mp-570961,CdBiSe2I,244.42903461420565
mp-756888,La2(SiO3)3,484.5446539776677
mp-756238,Sr2CaI6,663.6556353213346
mp-5616,Sr2P2O7,762.7800771326209
mp-16819,ZnTeO3,791.1070228226013
mp-9082,CsSmS2,95.39949950985029
mp-8714,Rb2MnS2,233.96579369521183
mp-16871,K2ZrGe2O7,474.56677177476513
mp-3953,CaCO3,162.2192272155013
mp-29078,Hg4As2Br3,1753.99451612887
mp-8612,Sb2TeSe2,122.2039352714192
mp-720719,Ca2Y2Si4H2CO16,1747.687632624812
mp-13816,Cs2NaErF6,231.4603132512768
mp-561259,Na3NbOF6,926.3145927579044
mp-35388,LiSmSe2,193.3222272975561
mp-23609,Zn3B7ClO13,674.3055504728105
mp-553932,GaPO4,192.859162693605
mp-29806,Cs2PdI6,215.3218284002616
mp-28501,K2(NbCl3)3,649.7504903588182
mp-5476,Cs4Mg3F10,759.9656064540386
mp-16855,K3Ta3Si2O13,778.1775984680631
mp-20495,Na2CO3,194.56934067997747
mp-5504,BaCO3,336.81863088260224
mp-17862,Ag3Ge5P6,633.2648923788831
mp-504962,K2Na3InO4,889.7710352406366
mp-761931,Na8SnO6,653.2068985593413
mp-765640,Sm3Ta17O47,1281.301361755785
mp-23341,Bi2Pt2O7,439.02509133932847
mp-541722,CsBa2Br5,789.0098985768924
mp-560785,K2Y4Sn2S11,1763.2165736575294
mp-569967,K2PrCl5,771.5828502894124
mp-6678,KHgSbS3,566.1538377334242
mp-4531,NaNO3,167.76331257500917
mp-14280,Ga2Sn2S5,828.6323597210771
mp-19893,PbCO3,338.67650712214873
mp-755417,Ba3(BO3)2,384.56477194619816
mp-561157,Sr3Y2(BO3)4,1436.282299042274
mp-626151,YHO2,142.90310204605294
mp-559337,Nd7(S2Cl3)3,1032.8500368147668
mp-8253,Na5ReO6,244.8410650366933
mp-551269,Ba2LaSbO6,211.5261546111517
mp-601861,RbInS2,713.5993694859974
mp-770408,Rb6Ti2O7,644.7924120132628
mp-7193,Lu2Si2O7,191.4484090882596
mp-27666,IrCl3,181.4704065910705
mp-8086,Na2Zn2O3,301.139642586491
mp-644418,CaH2CClO3,248.01319299706836
mp-675701,Ca(HoSe2)2,168.8465322038783
mp-9628,KCdF3,463.0703166918764
mp-769481,Y4Ga2O9,1203.324808882282
mp-771957,Ta2PbO6,716.9973058083225
mp-24426,HgH2SeO5,587.9564732971147
mp-540695,Cs2DyCl5,774.4189545353386
mp-637213,La2GeI2,122.45304359138724
mp-18629,NaTmGeO4,553.918276227219
mp-779511,Ba2MgO3,519.8744656302151
mp-540866,Na6Mg2C4SO16,929.7829707653268
mp-754929,Ga3NO3,520.03695190926
mp-10096,Na3Sr3GaP4,520.4029199650123
mp-560086,Nd4(GeS4)3,857.5775221921732
mp-505743,GaBPbO4,490.6074070679258
mp-6115,K2Zn2(SO4)3,1294.868168957748
mp-41837,RbTiZnOF5,372.8250759846796
mp-758571,Al11TlO17,973.2763781623224
mp-23037,CsPbCl3,115.6787036850071
mp-552008,DyBi2ClO4,172.13174344279415
mp-706910,MgB2H6O7,752.2377654214515
mp-556627,K4GeS4,1696.6171189658485
mp-13000,Ba2HoTaO6,211.7108079308601
mp-559210,Ca5Te3O14,857.2066908817072
mp-559530,Ti5(PO5)4,1903.6891850509776
mp-989527,Cs2NaNF6,204.96901328792853
mp-14243,Cd3TeO6,406.885737892572
mp-761686,Na2BiO3,525.1722237457334
mp-540706,Na2Nb4O11,648.7405376522835
mp-18274,Ba4LiNb3O12,807.057601614829
mp-541687,K3GaSe3,677.9482091867403
mp-3051,Mg2GeO4,521.9694720305578
mp-6509,Sr3GaO4F,386.3761056555896
mp-4350,La2(SeO3)3,1113.4879713018324
mp-15789,LiDyS2,93.03367831835244
mp-14760,LuAl3(PbO4)2,1017.7813812552224
mp-849246,Ti2CdO5,313.94759277752115
mp-6276,K2Cd2(SO4)3,1301.2945664100112
mp-27998,KNb3O8,455.0683576230612
mp-554675,SrTa2Bi2O9,265.4703412138331
mp-557438,Sm2Ti3(BiO6)2,381.2935436863244
mp-27310,Na4Sn3F10,763.168932033884
mp-28580,Y2NCl3,268.22643412806866
mp-540900,B2PdO4,570.9024450767199
mp-669360,CdI2,858.9697051987451
mp-675798,NaHoF4,265.94404663506174
mp-17167,Be3Cd4Si3TeO12,793.042644211306
mp-558240,K3Al4P2O8F9,949.8362709485962
mp-568301,BiBr3,193.4466704450125
mp-10322,BaHfN2,166.2927300259227
mp-8098,InGaO3,197.69119996775663
mp-8623,K2Te2Pt,122.00360532748154
mp-8836,CaAlF5,284.1674127656144
mp-571347,Pr3CuGeSe7,575.8809894530755
mp-8956,Ho2S3,463.7930540516388
mp-9634,Na3AgS2,282.3397330692383
mp-768923,Bi4(B2O5)3,770.1509792495823
mp-546757,Sn3PO4F3,215.9827316104917
mp-755988,Hf3N4,270.0703052808846
mp-27833,Tl2TeCl6,174.21817757195413
mp-769931,Tm3TaO7,428.6680666648304
mp-28167,Th6CoBr15,536.1297408335142
mp-17077,K2YF5,726.267296468599
mp-190,ReO3,68.95950823938801
mp-570127,CdI2,572.9823969132722
mp-541403,Hg7(P2Br3)2,803.8625720102068
mp-762307,Y7HoO12,821.6657937905537
mp-559243,Nd2Ta2Cl2O7,265.96812491159363
mp-8453,RbNaO,140.21520151050103
mp-6708,RbNb2PS10,606.0723458203698
mp-756316,Li3SbS4,351.03953031284755
mp-707762,K2CaH8(N3O)4,795.2364856192332
mp-23087,Mg3B7ClO13,1314.5236691468292
mp-6175,BaLi2P2O7,795.2265577781112
mp-574663,CdI2,286.3706183409689
mp-572512,Cs2LaTa6(Br5O)3,1261.963101446799
mp-17177,Nb2ZnO6,695.6192485656081
mp-28371,K2Zn3O4,390.5391885179108
mp-640058,PbI2,222.7655750662049
mp-770111,PrBiO4,496.690898459752
mp-554821,Tb(IO3)3,991.3016766270682
mp-7595,GeF2,265.82014135811653
mp-8001,LiAlO2,69.93697114697622
mp-10219,YOF,125.82309016510962
mp-27839,K2TiCl6,208.0979558641133
mp-862780,K2InP2S7,529.7725118905978
mp-555825,Na4Sc2Si4O13,1608.3618062422934
mp-771189,Ba4Ti3O10,349.54810977682627
mp-6304,Sr2GaSbO6,205.2380765734496
mp-612740,In2Se3,722.060481071341
mp-30249,Li4GeS4,786.4477875289344
mp-771976,Rb2Be2O3,509.78252202709297
mp-7013,Ho2Be2SiO7,402.0795181284224
mp-559378,Ba5Ta2Cl2O9,768.0162514062143
mp-23032,CsCuCl3,717.1597428966734
mp-570511,CdI2,367.8951066524268
mp-5455,K6Ti2O7,636.7964653225565
mp-23210,MgCl2,69.16835102559021
mp-557181,K3Na3(NO4)2,1216.9503366653944
mp-772151,Li2Ti4O9,570.5482117259628
mp-8314,Cs2NaAsO4,336.03810727215847
mp-20006,ZnPb2F6,801.1096390101394
mp-9881,KAuSe,145.71367586214907
mp-691,SnSe,195.2701916877027
mp-776016,K2O,568.9690281232639
mp-567948,Rb2Pd(IBr2)2,212.8571384494589
mp-559434,Tb(BO2)3,578.137082211389
mp-505138,K2PdSe10,1250.5898045189283
mp-604,Nb2O5,266.4490294754659
mp-2139,BaGe2,580.5620064774639
mp-8697,ScBO3,160.93048842224837
mp-780656,Na2BiO3,525.5380710985887
mp-21989,Ca3Sc2(GeO4)3,1539.6888440287207
mp-17709,Na2ZnSiO4,606.6898288503177
mp-13791,BaNaNd(SiO3)3,1063.746041496791
mp-19970,Li3CuO3,514.0492947572188
mp-29976,Na3BS3,295.36301594767593
mp-754113,TmClO,130.35633711738907
mp-556595,Nd4Cu2O7,271.922115317263
mp-754535,LaAgO2,174.2324926387766
mp-756599,La2ZnO4,598.299264247991
mp-961684,LiCaAs,69.28553607865011
mp-23966,MgH2SeO5,279.01197217886386
mp-561441,Y2GeO5,626.2739966213555
mp-541158,Nb3SI7,1050.975554679227
mp-4876,Tl3SbSe3,662.1268171420089
mp-14708,Tm2Ge2O7,828.7457434893792
mp-540689,Ba2SnS4,1315.4966332455203
mp-17986,TiTl2O3,503.79563396039407
mp-621825,Y6Pb8OF32,1023.2645285695008
mp-27871,RhBr3,190.35212592080876
mp-9764,Rb2NbAgSe4,384.706592093983
mp-22899,LiI,48.35254651206937
mp-570553,FeP4,402.9243242383549
mp-17486,Ho3CuSiS7,538.5884174755788
mp-16995,Sm3Si6N11,636.1157945076011
mp-13516,TmAl3(BO3)4,300.28353651525936
mp-29274,P2PdO6,287.61885297824784
mp-771951,Ba3La2Br12,793.8699923053534
mp-753277,LiAgF2,174.06194348352253
mp-9900,Ag2GeS3,277.52995581475943
mp-9392,Sr4Al6TeO12,419.40803446425554
mp-754599,BaTm2O4,600.444210306916
mp-7029,SiO2,182.70017376723277
mp-551243,BaBiIO2,225.47914832928703
mp-571093,BaAlSiH,74.02137881535197
mp-14353,BaNaNd(GeO3)3,1176.241490868957
mp-754605,LiLuO2,165.22983596372447
mp-3928,Na5P3O10,643.9034583333618
mp-567259,CdI2,73.96845426591707
mp-14390,Na3GaP8O23,2284.1611030408867
mp-28121,La3ReO8,475.1469686811065
mp-2402,NaSi,368.5804314246124
mp-29342,Ca3PCl3,165.0156314877092
mp-755044,CaTb2O4,295.06100044232926
mp-643710,Cs3B12H12I,307.3790505671016
mp-553903,KNa9In2O8,1762.2598573606515
mp-6586,K2NaAlF6,215.556126670726
mp-6059,Cs2KYF6,213.3394144052525
mp-12668,Tb2SO2,107.2945902811654
mp-23702,LiH2N,227.92673331116495
mp-504607,YInO3,614.3904801287855
mp-23736,LiMgH3,125.9546502429602
mp-9910,K2Pd3S4,417.3527503785912
mp-6853,Ca3TaGa3(SiO7)2,413.9963130781794
mp-769364,Dy(BiO2)3,430.46291836694377
mp-570577,SrAlSi4N7,1559.6235870065093
mp-530714,Ba14AlSb11,2553.881987582376
mp-5854,LiGaO2,297.3509307126817
mp-571240,KLa5(CCl5)2,1650.1734647735434
mp-571569,CdI2,644.264266604478
mp-567949,Hg3AsSe4Br,435.9268166779771
mp-567185,SnHg6(As2Br3)2,1654.4092313876797
mp-33882,ErAgSe2,170.29549002010322
mp-559808,Cs3PO4,635.4255748129907
mp-771005,LuTa3O9,972.2425273562468
mp-18365,RbCuSe4,579.8820707832474
mp-28090,Si2H2S3,466.8778520813264
mp-6822,NaGa(SiO3)2,342.4628115048448
mp-558125,BaTiO3,612.9787852124119
mp-578752,Sr11InSb9,1028.273443193671
mp-8934,Cs2SnAs2,243.9498333479572
mp-43068,Na3Al3Si3AgBrO12,812.0273828768061
mp-20820,Pb(NO3)2,585.1421486775433
mp-17009,Ba3Te2O9,565.9805945262203
mp-754114,SrSc2O4,285.1107039538609
mp-16795,CaAlF5,570.0393154725632
mp-776470,Hf3N4,534.274103604107
mp-6094,Ca2MgSi2O7,413.4722232217628
mp-541450,In2(SO4)3,551.136219155158
mp-23404,TlBrO4,469.0612441684098
mp-760701,LiNbO3,375.3080237605339
mp-558137,AlBPbO4,932.888609800654
mp-11659,BaTi(BO3)2,165.70725896869655
mp-28657,Na2MgCl4,331.5765622964394
mp-28946,Bi3NF6,858.366129460648
mp-754110,SmAgO2,171.27083716454598
mp-7100,LaOF,131.8394418213911
mp-558294,Li3TaO4,895.034175778324
mp-5811,CsPbF3,111.76368271699536
mp-557798,K5Li2NdF10,1609.7821792407767
mp-21801,Rb4PbO3,1503.1002563722002
mp-756347,Y2Pt2O7,419.6306145549357
mp-32787,Ho2S3,930.1870718151376
mp-555434,As2O5,501.03455423499497
mp-756968,K3CaPCO7,472.68565722963257
mp-10733,Sm2O3,105.22785138932628
mp-555349,La2CO5,872.1964836998736
mp-4758,K2NbF7,837.3077673997808
mp-31304,Zr(TeCl)6,1250.516648159923
mp-22694,LiPPbO4,962.5127631364394
mp-559325,Ba7Sc6Al2O19,1335.526950499879
mp-554825,K2SnP2O7,865.0871602507356
mp-556781,Y3CuGeS7,547.1244708344811
mp-558455,Na4Li5(BO3)3,729.8779765630303
mp-570136,CuI,293.87637790803376
mp-643896,Na2Hf(HO)6,229.1628888672504
mp-3442,CaTiO3,196.91308093053263
mp-30957,Pr(PO3)3,418.0582855646567
mp-760400,Na5BiO5,237.61479661510992
mp-541601,KPr(PO3)4,595.007643745719
mp-555421,Na3TmSi2O7,1450.0963922121562
mp-554542,Mg3B(OF)3,359.2225654352528
mp-14128,K2HfF6,395.0978053127883
mp-13971,Nd2SeO2,110.84781609418874
mp-581024,CsK2Sb,98.66167101088318
mp-765481,Li2AgF5,677.063587998781
mp-561254,NaLi3GeO4,1357.684940470426
mp-568612,SnHg6(P2Cl3)2,1597.196044590904
mp-7936,LiNbS2,172.8732538854103
mp-560641,Ba12Cl5F19,847.7731387600957
mp-8376,MgAlBO4,431.8900505397186
mp-909,As2Se3,475.5968659432109
mp-23653,Na3MgC2ClO6,924.5167507549304
mp-5832,Li2Ge7O15,1678.5022498756402
mp-10615,BaLiP,68.14115559220033
mp-570613,CdI2,430.0274234017232
mp-14624,K5P2Au,386.4686665954292
mp-9569,Ca(ZnP)2,115.33782416820948
mp-541688,K3GaTe3,684.3313496243445
mp-639695,SiO2,726.2014886216639
mp-3446,SrTm2O4,593.5393525252226
mp-10969,CdCN2,70.50550357093539
mp-558728,Cs3Li2F5,216.5923041127977
mp-505721,Rb3VS4,739.9811181238076
mp-3082,CaSO4,303.980598142637
mp-6759,BaGa2(SiO4)2,916.5280500227892
mp-3926,NbAg7S6,656.4320215362392
mp-28989,Li10BrN3,265.01984564445985
mp-18440,Rb7NbAs4,586.1131057809001
mp-540632,RbTa(GeO3)3,528.144520738583
mp-9437,NbFeSb,68.98918710179707
mp-4636,ScCuO2,79.85455196190749
mp-571603,CdI2,858.8910219949167
mp-556605,ZrO2,231.3013789949863
mp-558516,TmSeClO3,487.8487105494452
mp-6030,Be3Al2(SiO3)6,881.4159056697125
mp-752413,Ca2HfO4,284.24209675751626
mp-561902,CsAg3S2,289.6234563678946
mp-981511,Y3SbO7,437.08802473893695
mp-15865,RbScAsO4F,1267.1763447050043
mp-17153,Ba(TbTe2)2,687.2656179800107
mp-557631,AgAs(XeF5)2,603.0270666197642
mp-23356,Bi4B2O9,1113.0300165726192
mp-669326,CdI2,644.1270553105453
mp-608555,Cs2SnCl6,215.3775637107161
mp-766343,Ba2CaI6,886.8332084379015
mp-753683,Sn2OF2,413.34775463553353
mp-17872,Ba(YTe2)2,684.5713560159626
mp-555155,KNa2Y(Si2O5)3,846.4070523403518
mp-5001,Li3BN2,409.49246948054326
mp-568692,In4Br7,461.2080578407951
mp-10942,KNaLaNbO5,372.45154177747327
mp-23174,ReCl3,545.9055103431069
mp-5777,BaTiO3,101.98515655049628
mp-12669,Dy2SO2,107.07382474461222
mp-570080,Li2TeSe3,571.9540902804443
mp-5048,LiGaTe2,187.33114682018223
mp-756624,Ba2SrI6,890.3672793882514
mp-9745,Ba3NaRuO6,477.32184852835456
mp-756798,Sr2CaI6,885.1725864749098
mp-755082,Sr3(AsO4)2,248.4471009293553
mp-555628,ZnS,1100.3740432149898
mp-556038,Ba3In(BO2)9,891.4550189168382
mp-674328,Zn(InS2)2,321.9208671124392
mp-12779,CdTe,97.68871801402132
mp-541495,KY(PO3)4,591.7328927572306
mp-676552,Nd2Th8O19,602.5627905526558
mp-30926,LaB5O9,812.0219454777533
mp-28361,Al2CdCl8,496.8810617890367
mp-754283,HoHO2,266.8928400412819
mp-2911,Ba3(SnP2)2,853.2854228699896
mp-759825,BiOF,265.5270593804814
mp-752411,Tm2Pb2O7,459.24754967039866
mp-557517,Tb3CuGeS7,549.07820948912
mp-571538,CdI2,716.0542026058957
mp-16996,Li3GaSiO5,698.0006006059921
mp-557019,RbErSeCl2O3,686.2743020597075
mp-6475,NaZr2(PO4)3,610.9889616085711
mp-761057,Sr5Nb4O15,945.6402560864152
mp-556413,Na4Cd2Si3O10,698.6412394076953
mp-29499,Re3Te8Cl3,1321.8717275551105
mp-973064,LaH3,48.932329610816886
mp-8585,Pd(AuF4)2,472.5231608263519
mp-23372,Sn2Bi2O7,431.3376555179677
mp-974381,Rh2S3,215.8841947664579
mp-11739,KLaTe2,98.00293909342042
mp-662553,B2Pb2S5,1466.2179796998432
mp-757115,KSb5O13,719.6417644101354
mp-567636,VFeSb,68.12608543596724
mp-644431,Cd2P3Cl,270.1256242521168
mp-546011,YZnAsO,179.97517679979467
mp-17698,K6CdTe4,540.3089302937702
mp-557456,Li4Al3Ge3IO12,827.4760742044105
mp-16329,ErSbPt,72.87189218955376
mp-540585,BaGa2(GeO4)2,987.1018694082152
mp-14011,Al(PO3)3,1609.8264238327629
mp-22102,Na3Ir(NO2)6,371.0270746739199
mp-23046,SrIF,142.89539974042614
mp-766352,BaCa2I6,883.9735255705813
mp-6568,BaCa(CO3)2,330.2356639090376
mp-33569,Sr(LaSe2)2,340.0557409441022
mp-29104,Ti3Zn2O8,983.716057867486
mp-28938,Nb3TeCl7,505.3081026444165
mp-532405,MgAl6O10,1133.9794405274308
mp-560927,Y4Al2O9,1146.3595178915405
mp-12903,YAgTe2,195.51494490142687
mp-28070,Rb2TeI6,442.252535223554
mp-568970,K3SnIrCl8,616.7525520600009
mp-676448,CsTiZnOF5,384.5150513744916
mp-625654,TeHO3,654.7439215750871
mp-24645,Er(HO)3,220.91474012442384
mp-554249,Bi6Cl3O7F,1492.7364394254314
mp-558415,K3CuP2S7,1154.73702702554
mp-37722,KBH4,147.2954690840288
mp-554722,Y3GaO6,402.5922424604594
mp-22906,CsBr,49.592697158289
mp-505709,CsSmZnSe3,291.0897782210802
mp-8850,Dy2S3,464.6746415363019
mp-561973,K(TeO3)2,712.7721668559907
mp-18463,RbZnPO4,508.37703111234777
mp-9921,ZrS3,177.7307479505001
mp-8285,ZnGeO3,190.79516721762636
mp-554120,DyCuS2,373.12081293718944
mp-30105,Ba2B4Se13,1652.1801278084497
mp-625403,Nd(HO)3,230.160562862455
mp-771981,BaLa2Br8,538.8705202594457
mp-531340,MgAl2O4,1669.1113981398362
mp-27851,Hg3(SeCl)2,321.9865928133365
mp-861944,KNaPrTaO5,370.420138307752
mp-865213,Ba8Bi4H2O,331.8456022457118
mp-28456,Sn15Os3O14,688.0818044229252
mp-555023,KCa4(BO3)3,596.3613416495002
mp-567228,Na2PSe3,558.7832283822472
mp-861937,Ba2AsAu,98.7901671716836
mp-16209,K3La(PS4)2,1240.6429333768058
mp-541156,Ge4PbO9,763.351743155989
mp-7781,CaZrS3,462.1202155923676
mp-971712,ZnCdS2,92.1212497261684
mp-768510,Ba4Sn3O10,729.3404183159653
mp-2951,CdGeO3,392.2920194338238
mp-14093,TbOF,127.02419160395188
mp-697038,Ba2H6Ru,116.9198971918743
mp-558368,AgBi2S3Cl,332.75904527161623
mp-865961,K3Bi(AsSe2)6,514.8024550674719
mp-315,PbF2,71.26163143475209
mp-560721,NaCaBeSi2O6F,816.8490948651183
mp-861914,Ba3Co(CN)3,376.3216693175148
mp-17100,In2P2O7,759.0804769575914
mp-27723,USeO5,269.5022929550605
mp-608014,K2Ge2Pb2O7,251.39783157328756
mp-560668,K2Zn3(P2O7)2,1597.0846271531916
mp-505089,Li4TbF8,1133.8588014072243
mp-754158,KNdO2,89.1412098026264
mp-3795,NaZnF3,449.1128955025884
mp-567713,Nb3TeI7,265.34475956430435
mp-28597,Na5InTe4,1947.498699022961
mp-6585,CaMgB2O5,1148.9423556366376
mp-673682,Tb2YbS4,327.0619368212101
mp-772861,BaSr2I6,884.3392398172039
mp-753748,Li3CuS2,518.062309864916
mp-17560,Na2UO4,590.299095367197
mp-28202,K3NO4,617.7790591695999
mp-3666,LiTaO3,192.79594536154124
mp-554243,SiO2,258.6055079208237
mp-4056,CaSc2O4,560.2409801887861
mp-13771,Sc2Cd3(GeO4)3,1573.861970666579
mp-706631,Na2B3HO6,1332.290546113309
mp-560993,CaAl12Si4O27,715.5821647648692
mp-27698,Y6UO12,387.3726056378868
mp-771328,Rb4PbO4,826.1453672211464
mp-4519,KPrO2,89.43370595034577
mp-21724,ZnSiPbO4,1032.4822050634923
mp-561065,MgTi2(PO5)2,490.6653725685719
mp-554805,Sr3Se3(ClO4)2,1327.103370430702
mp-6397,Na2Ca(SO4)2,442.8464277191004
mp-16376,HoSbPt,72.8876975308106
mp-530303,Mg(GaO2)2,1053.5554016716978
mp-554441,NaTi2Ga5O12,765.689676427442
mp-571458,RbGeI3,122.46421331143571
mp-756076,TbTaO4,469.2655916512044
mp-17054,Cs3TaS4,751.2699502566272
mp-768585,HoTa3O9,494.66091768645737
mp-672273,AlBiCl6,728.7626571505599
mp-557537,Zn4P6N12O,349.45174608540407
mp-27195,In4Bi2S9,697.3909359591865
mp-4622,Li2BeF4,776.8476979321032
mp-557664,Cs2TlBiF6,190.4338372558141
mp-555119,SrTaF7,376.8093051664399
mp-2940,LuPO4,202.52906112500557
mp-10223,Na2PdS2,232.68370046290465
mp-977371,PW4Cl11,725.8132639036152
mp-29958,Hg7(PO5)2,750.2232737219721
mp-4666,CdSiP2,171.90946732278604
mp-6353,Y2Si4CN6,823.6210330277544
mp-561086,CaSiO3,1038.3851273076368
mp-754665,Pb(BrO3)2,354.5112691548755
mp-556578,Cd(IO3)2,1441.6588843652294
mp-18073,K7TaAs4,582.3197136714007
mp-771645,Sr2CaI6,885.0161789830358
mp-571514,CdI2,572.8474884106913
mp-697236,MgH2(SeO3)2,361.5569234011013
mp-14535,In(PO3)3,1242.4193378885475
mp-8110,AlBO3,144.15189825415715
mp-10914,K3Cu5O4,1034.3581236655923
mp-31068,P2Pb4O9,1121.8485011368823
mp-553988,Cs2LiF3,262.4646461066812
mp-3118,Mg3TeO6,373.6813907644112
mp-29887,Pr(ClO4)3,517.8555877499001
mp-24589,K2HBrO,212.0611075798684
mp-30145,Rb2Bi8Se13,1124.7940820067654
mp-608653,As2Pb2S5,1634.4632864261778
mp-638061,AlInCl4,530.0159659797146
mp-15724,KNa2Sb,97.41151690766635
mp-13755,BaNa(PO3)3,938.9119042270692
mp-31077,Tl2TeI6,444.0853887975993
mp-17926,Zr3Ni3Sb4,474.4325076175612
mp-557179,NaSbS2,184.85235527897163
mp-570370,SnPSe3,464.2534060041999
mp-1070,CdSe,96.63566472825386
mp-981,SrF2,68.64901156776884
mp-8810,SrZn2(PO4)2,907.7472471545703
mp-642845,Rb3H5Pt,296.73652549865204
mp-554820,ZnS,1283.4558217732244
mp-540634,TaTl(GeO3)3,529.8679863461781
mp-6182,CsTb2Cu3Se5,516.8337285854287
mp-554218,Ti4P6PbO24,575.7665131340268
mp-573755,CsTeAu,146.55492059131825
mp-582081,Cs3NdCl6,1902.8613636295408
mp-7094,ReAgO4,232.97030089557896
mp-774797,Li2Ti3ZnO8,1059.5223384786525
mp-510646,TlPPbS4,612.0670365701002
mp-27573,NaSb3F10,572.6049596409442
mp-15339,Sr3As4,338.86706594227707
mp-8201,Rb3PdF5,391.3076606650767
mp-13196,SmSbO4,459.8097314505592
mp-11347,TbF3,349.3882727328845
mp-554433,KAl(SiO3)2,1323.3048691308009
mp-17911,Ba2ZnO3,537.3592500684914
mp-540939,Ti(TlS)4,849.4573883130198
mp-4991,Tb2Sn2O7,439.1205763974709
mp-756598,ErTa3O9,494.3783557706562
mp-3033,RbTaO3,394.1910351440347
mp-768663,Na3SiBiCO7,479.662647030832
mp-7191,Sr3GaN3,304.0844118571019
mp-7921,MgPdF6,163.5095169690304
mp-696983,KGaH4,344.2111737093292
mp-28557,Ag2PdCl4,327.73803264804815
mp-559282,CdB2XeF10,1031.2873399635644
mp-160,B,132.6701345436649
mp-697575,Rb2ZnH4,460.2797695677591
mp-669419,Cs3Cu2(BiS2)5,954.061224178574
mp-10933,Nd2TeS2,118.3041589400035
mp-28653,NdTa3O9,495.7909650259897
mp-559184,Zn2Si3Pb4SO15,914.580663884944
mp-23326,Ca4Cl6O,512.4151523838615
mp-38394,Ba(AlTe2)2,165.60491095641115
mp-29252,Sn2ClF3,491.30002664754727
mp-28782,Na3PS4,358.8828124329841
mp-5094,Co2(GeSe)3,739.7820396077587
mp-554286,La6Ti2S8O5,920.7834040754612
mp-981103,Sr3CdO4,164.80621434930086
mp-1039,MgTe,94.27544982035155
mp-28095,Au2Se2O7,422.4374399642844
mp-557183,KNaZnO2,220.76797665815127
mp-556548,Bi(BO2)3,548.767328653401
mp-556183,Pr3U(ClO2)3,560.6567385264777
mp-5224,BaSi2O5,776.61136889445
mp-758660,MgP2(H8O5)2,660.4952470008328
mp-3042,K2SiF6,182.43110381012085
mp-6425,Li3In2(PO4)3,680.5315201273245
mp-9755,HfGeO4,220.4763539122568
mp-866662,K5La4Si4O16F,580.36957012067
mp-9856,Cs2ZrSe3,290.73297304641727
mp-23419,Sb4Cl2O5,463.31828527383175
mp-6255,Ca3Sc2(SiO4)3,1422.1385341974992
mp-557920,Zn3(PO4)2,449.1104207576609
mp-542085,Sr2GeO4,574.1502757111159
mp-541057,Rb4Re6S13,1036.2804541204246
mp-6096,TlHg(AsS2)3,1017.4380453164594
mp-680169,Na21S7Cl(O14F3)2,3600.9895288144257
mp-556953,RbPS3,211.0536089944142
mp-655613,Cs2Tb6Te7N2,401.0996170632643
mp-772282,Sb4I2O5,472.136020550489
mp-676598,TlPbCl3,949.5404072904354
mp-3980,LiSbF6,163.98499416927365
mp-7939,NaNbSe2,187.24279916097305
mp-754466,Li2AgF3,132.2267637340408
mp-9086,CsDyS2,95.14459345045664
mp-583213,HgI2,1161.4062914150688
mp-560176,K2NaAl3F12,733.8288748802723
mp-17914,CaGa4O7,460.5769494503359
mp-569806,K5Na(Ti2Se9)3,1853.6819287323856
mp-31249,La2Te4O11,688.6625441787456
mp-28940,Sr4Nb2O9,602.7961364305974
mp-984872,CsPb2Cl5,389.3664684378594
mp-618177,K2ZnCl4,671.4799527013369
mp-780409,La4Al2O9,1190.054579694723
mp-28277,K2PrI5,789.6112339469673
mp-755738,Rb2O,289.9582522605664
mp-12644,Ba2LuNbO6,212.4139554989884
mp-554479,Ba3BPO7,410.6079795415248
mp-696195,YSeF,554.0397729350109
mp-561443,Ba3(PS4)2,271.6867282742222
mp-14260,ZnAg(PO3)3,1855.9772462081012
mp-772055,Li6Ti2O7,554.739935393058
mp-680120,CdI2,1111.7781765268903
mp-8616,ScAg(PS3)2,431.7218078944623
mp-778057,Na2SnO2,862.5346351372632
mp-555980,Ba2Zn3(PO3)10,1397.1707629550267
mp-862693,BaNaH3Pd,220.19657581866932
mp-674459,NaErF4,265.4282584834675
mp-24097,Mg3Si2H4O9,553.5525303539043
mp-1105,BaO2,65.74365040196743
mp-756432,Li2Ti(TeO4)3,325.652444513172
mp-554918,BaY6Si3B6(O12F)2,680.9742017194019
mp-772986,Na3SiSnBO7,470.9306932851074
mp-561226,BTe3(OF5)3,782.1448774483307
mp-971673,BiS2,279.5129998924951
mp-2173,P2O5,432.434809777777
mp-3563,Ba5Nb4O15,493.9360815707497
mp-557698,K4Na2TeO6,558.1621850029956
mp-677179,BaNaIn2(PO4)3,1305.229411077041
mp-3962,LaPO4,416.3261096743991
mp-6008,Ca3Al2(SiO4)3,1361.155335697429
mp-8900,K2VAgS4,366.3390956079243
mp-10795,TaTlS3,456.8631183512677
mp-7331,Cs2MgFe(CN)6,286.12235442765046
mp-36641,Cd(Ga3Te5)2,410.5790994291605
mp-14652,Cs2P3,221.88283485666005
mp-17807,LiUNbO6,694.3465089832777
mp-27283,TlPb2Cl5,779.1208762935449
mp-17112,K3Ge4Au,387.8744524876749
mp-3318,Na2BeF4,565.6479680922401
mp-758933,B8O,576.5497920579023
mp-17518,Sr2TaN3,491.93347201666114
mp-772416,Li2Ti3Sn(PO4)6,586.031185498739
mp-27815,NbCl3O,434.7965788061475
mp-6486,SrBPO5,364.3251449716347
mp-540635,BaSn(GeO3)3,530.2603237219994
mp-9922,HfS3,178.7465888577101
mp-35714,La5TlS8,331.5933300226269
mp-645291,As3Pb5ClO12,845.292193909873
mp-23662,LiB(HO)4,910.61612374357
mp-754478,HfZrO4,117.89963218720128
mp-754550,Tb3TaO7,423.17958548593646
mp-571341,InHg6As4Cl7,1731.574547235512
mp-4019,CaTiO3,394.8604423984298
mp-6040,BaBPO5,375.5304666573141
mp-567655,Sr2C(NCl)2,142.43623989501796
mp-541738,Cs3Cr2I9,673.0143940855784
mp-21705,K2In3AgSe6,1161.3397717686692
mp-768762,Ho2TeO6,696.9862356290496
mp-6078,Na2Cd3Si3O10,665.1717922774673
mp-5026,MgSiO3,666.4080121770252
mp-7714,Li4UO5,199.94343565747275
mp-557104,LiAlB2O5,532.9622240816223
mp-560830,Nd3Si2ClO8,522.2020822631688
mp-24798,Rb3B12H12Cl,303.0362310614016
mp-558336,Ho2O3,310.3116885213757
mp-12448,LiSm2OsO6,407.3240099372954
mp-560356,Sm3Si2S8I,621.1385253064037
mp-3821,K2PtF6,195.0928408334302
mp-557308,ZnS,453.8228375019683
mp-571085,Ga2BiSe4,668.8513654604556
mp-39140,Na4Al3Si3HO13,820.9331053290601
mp-23547,Ba7(ClF6)2,491.2405532930898
mp-557432,GeClO2F5,693.4116607103321
mp-18305,Rb3AsSe4,775.5078334042967
mp-754300,HoBiO3,215.69248992249277
mp-542749,K2(MoSe6)3,1087.0548744564658
mp-554950,Hg3SbAsS3,755.3726807424927
mp-571091,CdI2,501.0090433188796
mp-990448,C,17.51374481206917
mp-11623,LaInO3,425.4038688579875
mp-28136,Hg2IO,372.468046539385
mp-15520,TbZn(BO2)5,957.3270215874452
mp-684815,Ba4La2Ti3Nb2O18,534.5162485806958
mp-12362,AgHg3SbO6,455.9656015872847
mp-677014,K2ErTi(PO4)3,1326.178801093213
mp-680193,Ca4Al6O13,3274.589305969499
mp-3248,TbAsO4,227.8285386871409
mp-560732,BaNaZrF7,875.3385174620169
mp-29892,LiSb3O8,445.38475444572464
mp-27197,Na4As2O7,516.2111721421093
mp-4820,ZrSiO4,204.88596538292217
mp-975646,PrZnSbO,183.4445759671254
mp-27626,Ge19(AsI)4,1271.0243986881185
mp-23093,Sr2NdBiO6,428.24622316483214
mp-16543,Cs3Cu5O4,1043.005614415427
mp-554151,SiO2,180.37856935569923
mp-5794,Zn(GaO2)2,272.7219525256272
mp-27980,U(OF)2,101.46493297419184
mp-31256,U(SbO3)2,179.9352929718937
mp-571470,Na2SnSe3,3463.4716958889576
mp-28160,Ca3C3Cl2,323.9893031750684
mp-9499,Sm2C(NO)2,130.715589266637
mp-867219,Sr2GaGeN,230.7704979199505
mp-29423,TlFeBr4,537.2320578289165
mp-556021,BaTeO3,1247.354942369814
mp-14853,Ba3Er4O9,337.8072151938604
mp-17344,RbEr2Cu3S5,516.1252425917237
mp-677080,K6Ba3Ta12(Si2O13)4,1454.5172323051736
mp-759943,Al2O3,1277.6600669721347
mp-9870,K3Ta3(BO6)2,362.7605893655567
mp-555699,BaLa(BiS3)2,945.9378251835986
mp-30530,TlClO4,78.5463979146853
mp-559289,YTaO4,231.38565323192117
mp-22858,TlI,98.5903374176595
mp-772840,Sm2Ge2O7,833.676046143842
mp-5525,KAlO2,1210.1159500645183
mp-17288,Li2ZnSiO4,560.5328962426266
mp-3556,Tm2SO2,106.21145008970664
mp-570232,TbCl3,380.18940865103247
mp-1138,LiF,41.000768201411965
mp-766351,Ba2CaI6,838.2383381794662
mp-8678,NaAlPO4F,272.4704205970298
mp-31416,Ho3TaO7,431.0289616900932
mp-540924,NbTeI3,483.590007985009
mp-555808,Zn8B3H3O14,463.3810969820447
mp-13230,K3YF6,458.8162295244749
mp-568965,CaSiN2,1088.512330203039
mp-570418,YbI2,73.99081922372775
mp-7798,MgGeN2,281.5800852076635
mp-27782,XeIF7,381.174296782877
mp-29458,Rb3Mo2Cl9,652.9999746100206
mp-505825,Cs2PtC2,104.71524037792211
mp-697144,RbH2N,135.095152150158
mp-27697,ThI4,491.8993273033204
mp-555048,NaAlCdF6,757.984476962634
mp-27976,SmBr3,194.76994990379285
mp-961711,ZrSiPt,68.94018358043262
mp-21521,Cs2PbO3,271.34688166562523
mp-13335,Cd(BO2)2,814.9655468951692
mp-559020,KBi(PO3)4,1186.4558685512395
mp-571595,CdI2,715.5351661405435
mp-560538,Na3AlS3,1276.857192485828
mp-559186,BaBiBO4,520.2116181534965
mp-755277,Tb3SbO7,438.8539469570711
mp-554236,Ca5P3ClO12,755.0627248988413
mp-571162,Ca3(GaN2)2,368.9350885711132
mp-27629,Cs3Sb2Cl9,337.1070236678903
mp-567551,SiC,441.9255149149357
mp-6016,NdAlGe2O7,791.5153642054213
mp-6493,CaMgSiO4,499.0094873905489
mp-35249,Sm2Hf2O7,439.5765277706061
mp-569653,SnPCl9,477.3310100325186
mp-950995,Li6PS5I,558.7343602158525
mp-27649,BaU2O7,400.83560710281694
mp-14001,Ba4SiAs4,1730.561063030751
mp-554863,KNb5O13,1394.8799638548603
mp-23149,K4Al3Si3ClO12,822.2080908371231
mp-768800,Ho2(SO4)3,1120.0966446825282
mp-27888,Zr3GeO8,226.10421939095016
mp-558514,RbZrCdF7,435.5981163680609
mp-556737,Pr6Ti2S7O6,913.9158946041924
mp-510065,CsNdHgSe3,278.2461094697952
mp-722780,Pr2P3(HO2)5,1150.856485313054
mp-29555,MoBr2,844.2323177703088
mp-780683,Na2Sb4O11,653.3967025912067
mp-6892,Na6Mg2C4SO16,984.4227337010144
mp-24128,ReH4NO4,255.66510054481915
mp-756591,Sm3NbO7,449.3243085060759
mp-28027,AsF3,327.0630270212343
mp-989618,Cs2RbGaF6,223.65600521296432
mp-10288,LaCuTeS,382.39237698413126
mp-17552,CaSiO3,528.8721695167653
mp-769610,Ca5Ta4O15,899.3079252536439
mp-28091,In2(TeO3)3,1123.8487523276442
mp-555845,BaLiZr2F11,623.1688990242758
mp-982366,Tb2S2O,446.9885491863658
mp-22750,P2Pb3O8,216.03940413594324
mp-561232,NaSm(PS3)2,864.9551877282657
mp-3228,HgSO4,209.13901853206164
mp-571465,PbIBr,296.1440715236322
mp-570130,AlH3,248.0822996828548
mp-555942,Er3SiSe2O10F,1298.9693533805057
mp-23703,LiH,27.36304998639008
mp-555678,Na4Ti5O12,415.4453583934273
mp-696969,Sr(H2N)2,208.04606862847336
mp-27164,FeP4,604.6476666342995
mp-5512,Sr4Al14O25,1471.5918194779986
mp-570505,Ca3(AlN2)2,687.2306301925552
mp-4515,Ag3SbS3,320.5723915515172
mp-23996,BeH8SO8,409.0681804181384
mp-13133,K2TiO3,248.20146118850425
mp-757826,CsCa(NO2)3,199.70856871425963
mp-31026,Ba6Zn7F26,856.1282528370389
mp-684904,K2O,141.83194615990868
mp-643655,LiAl2H6ClO6,454.0607114674147
mp-8645,GeTe7As4,292.1124894821075
mp-17324,ZrSnS3,462.0153503145515
mp-14550,TiCdO3,394.3654387098925
mp-18157,SiP2O7,595.3614848308779
mp-754134,HfZrO4,235.1716145450397
mp-629690,Bi2(PbS2)3,526.3323483955563
mp-14399,LiAlSiO4,1375.147905146354
mp-756811,Li4TiS4,391.3951708168747
mp-10155,P2Ir,248.8516832401074
mp-29139,NaAuSe2,384.86289951432747
mp-22997,PbBrCl,293.5208260232829
mp-758196,Mg3(AsO4)2,695.8614231820779
mp-30140,BeI2,1075.1717341467668
mp-541272,LiGe2(PO4)3,589.7724021570804
mp-17765,Ta2ZnO6,696.2703489705475
mp-756919,Mg3(AsO4)2,474.4149875351803
mp-696396,NaHCO3,340.7865600114257
mp-9348,KRb2ScF6,222.8044447494669
mp-558083,BaLi2Ti6O14,1750.9644855159763
mp-29198,Na5AuSe12,865.6124070692107
mp-28710,BaGe2S5,714.8871045288771
mp-3427,LiAlO2,271.33905787631653
mp-24534,CaH4SeO6,365.2282513625091
mp-5448,Pr3SbO7,434.1174462213372
mp-4764,Pr2SeO2,111.1852130485576
mp-13445,Rb2As2Pt,243.19762901871732
mp-9069,K2NaAlAs2,284.9799966191288
mp-600016,SiO2,363.1809924548689
mp-760484,TmBO3,165.5905821807365
mp-779698,ZnTe2O5,1241.0986803905523
mp-556013,Na2Be(SiO3)2,1102.3138449712897
mp-754109,PrAsO4,228.7403705813676
mp-730074,Rb2CaH8(N3O)4,795.8442599430009
mp-5104,CaZnF4,263.3725318592743
mp-756156,Rb2ZrO3,257.8599947046361
mp-625472,Tm(HO)3,219.96881924175165
mp-560616,KCO2,275.8824077484952
mp-17481,Mg4Ta2O9,566.846737774822
mp-17777,Sr5As3O12F,839.1293448147721
mp-865965,Li2CaSi,87.30934036718966
mp-8759,Cs2ZrO3,259.90382309889105
mp-555561,BaU(SiO4)2,411.5607618609933
mp-4376,BaAlF5,580.9679108135778
mp-531840,MgAl2O4,1667.6649560820797
mp-758925,Na6Zn3As4H6O19,2681.58598718594
mp-29381,Na2Te2As,970.899257480851
mp-600001,SiO2,227.5941212069876
mp-7974,RbSmO2,89.53252233271334
mp-553278,Nd4Se3O4,244.01216380130816
mp-14249,Th(PS3)2,385.2481400232717
mp-625406,La(HO)3,235.98921031333373
mp-579560,Cs3Sb2Br9,343.49622188431266
mp-531590,SrAl22O34,1877.2111258768764
mp-31358,RbBO2,404.3940943258321
mp-558760,SrZrS3,463.11271905452094
mp-554906,Zn2BiPO6,741.0204458066456
mp-769079,ScGaO3,578.7014476575226
mp-13975,Er2SeO2,108.8812475182186
mp-22961,Li2ZnCl4,327.3848169910771
mp-9212,NaAlO2,293.9542798836679
mp-33526,LiBiS2,190.0574967713065
mp-15781,KLaS2,95.20124696336848
mp-561103,BaTa2O6,2048.4586694419017
mp-553880,ZnS,1191.920041145633
mp-570437,CdI2,221.91820770005128
mp-4527,Li8SnO6,276.05263701654974
mp-554155,KSb(PO4)2,203.72880823149103
mp-7438,KZnSb,145.8098235821743
mp-557862,BaAg2(HgO2)2,397.86592167323766
mp-643451,BaMg2H8Ru,297.63312731852125
mp-634326,GaHO2,242.01957560441997
mp-31245,Tb2Te4O11,681.308163047136
mp-30299,RbAsO2,337.3363338447149
mp-530033,B8O,576.3753444614979
mp-16818,Rb2Cd3Se4,877.9697278606716
mp-557531,Pb2S(O2F)2,344.0181265138897
mp-570256,Ag2HgI4,172.58756432667943
mp-18288,Ti(SnO2)2,569.98148839762
mp-17434,K2SmF5,731.9312866347182
mp-753864,Sr2Li2Nb4O13,371.2382015765963
mp-19886,ThSnPt,73.21897397357601
mp-23452,Sn3BrF5,828.511186295794
mp-28671,ZrTe2Br5,385.7861458195114
mp-697563,Ca4MgB4H6(CO9)2,489.8874473936494
mp-10550,SrMg2N2,102.75406780072773
mp-561446,BaCa(GaO2)4,276.7970456888752
mp-3277,BAsO4,91.53837724435492
mp-1342,BaO,47.19554905243836
mp-13820,Cd3SiO5,353.95666292948266
mp-6376,KV(CuS2)2,359.4643820365183
mp-754475,Tm2SeO2,103.82585885616118
mp-7765,Ba3SiO5,366.4822958385368
mp-23781,Rb3H(SO4)2,461.5506086839488
mp-22756,K2PbO3,266.43898849707165
mp-5746,MgTe2O5,637.0064351731893
mp-27356,AsO2,446.0881245741164
mp-20652,PbF3,355.47701290046507
mp-4675,NaTaO3,202.17733752473472
mp-540805,Ba2GeS4,649.9629832155941
mp-7562,TaTl3S4,186.6000115027844
mp-866641,K2Na(H2N)3,787.7414659275514
mp-9191,Na3SbTe3,684.2615424917235
mp-755336,NdIO,134.66289235899123
mp-9503,BaDyCuTe3,294.02572829820303
mp-8249,TlPS3,212.7167500731773
mp-10935,NaErPO4F,296.6885526932708
mp-28079,Na2Mn2S3,622.2580039932152
mp-22880,FeBr2,70.68726339140837
mp-5889,Er2Ti2O7,414.0579767313858
mp-556865,NaBe2BO3F2,565.4077811625438
mp-5081,SmCuS2,373.2420473426968
mp-23872,Ca3Al2H6S(OF)8,917.2375723226708
mp-3881,BaZnF4,270.8836446078967
mp-6392,NaBePO4,1338.7156064402784
mp-761036,CdSeO4,231.15754176405977
mp-636598,Rb2ZnBr4,685.2883716531072
mp-6404,BaCa2(PN2)6,1276.3780287174047
mp-5347,KAlF4,118.93292662609188
mp-9143,LiPF6,146.43814129422478
mp-24423,SrHBr,113.65156766447583
mp-22598,In2O3,815.9078664531156
mp-555966,BaTi2O5,466.7019353610642
mp-2809,Sb2S3,467.35779574979705
mp-560098,SbO2,469.2939998143565
mp-560278,Er3B5O12,1193.4008348131158
mp-22634,K4SrU3O12,431.3573702362949
mp-17959,Nd2SiTeO4,622.789211978769
mp-558669,SrAl2B2O7,366.1456174651035
mp-17559,Y2TiO5,627.2693743381544
mp-559965,Sr5As3ClO12,842.1309455284598
mp-753816,Na6MgO4,480.0770836366544
mp-570622,NaGa3Se5,3420.248548231071
mp-5373,Y2Ti2O7,419.8735255977096
mp-17998,Ca(RhO2)2,541.2284739672806
mp-30301,LiClO4,380.7051050562552
mp-554495,CaZr(PO4)2,809.8105245070494
mp-7643,K2AgSb,196.0623655155716
mp-28208,ZrFeCl6,368.3077255462768
mp-605344,ZnH4SeO6,1453.2903906893905
mp-7566,InPO4,204.1042894331328
mp-643009,SrMgH4,156.6343891716187
mp-567918,Ba2Nd7Si11N23,1409.1272649584582
mp-755317,Y2TeO6,514.3974897140565
mp-6456,LiNbGeO5,603.4280308925229
mp-684024,Li2SiN2,2597.5040005713595
mp-17913,Tb2SiSeO4,616.1668352912372
mp-11121,CsTbCdSe3,292.0488299372161
mp-29709,Hg3PO4,623.4152362996114
mp-554015,CsK(ClO4)2,210.2093697506684
mp-38327,Ca(TbS2)2,325.6383780518487
mp-676516,Pr2Pb17Se20,958.0059979665511
mp-1340,Ga2Se3,236.68171759606005
mp-570448,CdI2,963.5429725383048
mp-771772,Lu4(B2O5)3,739.0959934024796
mp-778924,ZnSeO4,445.3444332273762
mp-758059,Ba7Pb17O24,1021.7537610678488
mp-30993,LaIO,136.59651041063412
mp-6557,Cs2PO3F,546.1900455418951
mp-8175,KTlO2,90.10411513471188
mp-757442,Ca3In2O6,925.3166310792296
mp-27265,AuClO,379.73711739879946
mp-975924,Ge3Ir2Se3,748.3369222233775
mp-3932,Ca3Si2O7,866.7922875372423
mp-776965,Na3Sb(PO4)2,1957.5623377946276
mp-17784,CaTiGeO5,611.6934266621957
mp-1087,SrS,47.50967260883685
mp-626193,Sc(HO)3,374.4612587715762
mp-22913,CuBr,48.64427862116924
mp-27132,Zr2P2O9,439.8121633923252
mp-707324,PH6SN3,963.9673650383368
mp-10299,Ca4PdO6,454.8356274669954
mp-753662,K2Mg2O3,291.8392227046394
mp-675614,K2In12Se19,754.0378871077078
mp-7774,Na2SbAu,194.8023988509908
mp-239,BaS3,183.7433458779001
mp-6535,NdAl3(BO3)4,605.3909482170537
mp-27999,K5CuSb2,195.8867390436256
mp-6770,BaLa2MnS5,409.31302752257
mp-6231,Ba2ErSbO6,208.82322541402928
mp-28855,Cd4OF6,494.0475821005904
mp-28941,HfAg2S3,561.8178649805701
mp-546862,HgPb2(ClO)2,160.7241383118492
mp-684017,Y2Te4O11,678.8440101599323
mp-27375,Tl4HgI6,513.6901254442896
mp-560441,BaZn2Si2O7,425.9964979576692
mp-754354,Ba4OF6,512.2822687829711
mp-581376,Tl3Ag3(SbS3)2,1336.2663315885652
mp-769396,Y2Ge2O7,420.155310839882
mp-5803,NbPO5,478.4681556382652
mp-540584,K2PdO2,110.29484488025858
mp-23406,Cs2PtCl6,212.7947104054665
mp-1569,Be2C,38.70707816344782
mp-10165,KAlTe2,190.31801670663108
mp-30058,TlSbO3,198.2470112808965
mp-570607,Dy5C2I9,1492.5583775155249
mp-8861,Rb2MgF4,158.62540079986556
mp-22905,LiCl,46.567941749197146
mp-31417,Nd3TaO7,436.4692851650183
mp-541629,BaGaF5,609.0534900755225
mp-20187,LiInSe2,185.9132315672489
mp-680046,CdI2,1037.6459705448356
mp-14935,P3RhO9,1224.7121498764138
mp-756166,LaHoO3,427.9422737392034
mp-1403,Sm2S3,466.3125216938489
mp-556523,LaPb6ClO7,665.9681161322262
mp-571559,CdI2,715.5034373625621
mp-559932,KTeOF3,1022.6722672204596
mp-772875,Ba2SrI6,888.1763038918564
mp-772217,ErInO3,614.8616277381484
mp-707337,K3H3Pd,1014.727746578672
mp-559934,LiZnPO4,477.8759197350953
mp-569892,Ca9B2(CCl2)4,976.9855145539826
mp-684690,Sc2Se3,236.9573344116621
mp-754352,Na3CuO2,263.4991384303818
mp-677731,Rb2NaNb6(PO8)3,657.0224432696039
mp-504669,KBiF6,692.4044811989344
mp-24066,SrHClO,156.4530978812574
mp-14234,MgB4O7,1255.8322953707243
mp-5175,NaInO2,85.19576329882571
mp-8058,YAsO4,226.6471723082433
mp-14963,Pr3NbO7,434.4254867589608
mp-555150,KTa(BO3)2,329.5541820953578
mp-28899,Hg2As3Br,288.9668363383132
mp-568208,IrCl3,362.9367836031004
mp-557467,Li4Ca(BO3)2,432.1104674817542
mp-567334,Ag(BCl)6,1793.03568846772
mp-756630,DyAlO3,373.3043037745997
mp-22566,TlInS2,95.4305853567041
mp-13055,Ba2LaTaO6,214.2391658540544
mp-29787,Ba5Pt2O9,1027.7951053004738
mp-24227,H8Pt(NCl3)2,214.27565925665016
mp-553965,RbLaNb2O7,422.5915582588876
mp-771040,Mg(IO3)2,701.3947750451498
mp-28178,NaNbCl6,741.2254094360325
mp-6426,Na2MgSiO4,590.2284735440771
mp-555467,Sr2AlCO3F5,906.2904731884274
mp-18129,La2ZnGa2S6O,540.671546830024
mp-555313,ScBiO3,411.8525828709596
mp-541162,Ba2Mg3F10,642.1235481488536
mp-571568,CdI2,573.0948887960485
mp-11023,ScAuO2,163.42694060846546
mp-13944,Li3AlN2,807.8966806814544
mp-554193,NaGa(TeO3)2,1602.165954739397
mp-541141,K3IrCl6,948.9417433102442
mp-559598,LiScF4,247.3164529863179
mp-504729,Cs2PdF6,196.42686499140945
mp-570492,CdI2,963.5159652475626
mp-771106,Dy(PO3)3,836.745170466707
mp-29566,CsNaGe2,775.3010583702651
mp-16267,Dy2CdS4,326.9781801922102
mp-20042,TlInS2,190.90101012761983
mp-559347,SiO2,728.2987047429924
mp-23505,K2TeBr6,203.11511539908457
mp-616378,CsSnI3,242.4045507229861
mp-3904,Mg2GeO4,256.2124170915134
mp-862947,Ba2BiAu,99.12022964232752
mp-6844,KLi3Si12(SnO15)2,1551.049410544108
mp-559861,NbBi(TeO4)2,1792.6047449875416
mp-22734,HfPbO3,833.7980566691813
mp-30039,Na2Al2Sb3,1326.758875172611
mp-567666,Ba3BiN,239.22710227306524
mp-3319,Mg(RhO2)2,262.90425186499937
mp-676934,KCaNd(PO4)2,691.204758076262
mp-556672,Sn(SeO3)2,684.3181310002635
mp-40478,NaDy3Ti2(SbO7)2,856.06392783753
mp-38008,Li2CdCl4,328.63877501704326
mp-861606,KLaSiSe4,328.6474322930409
mp-27741,TeAuI,293.39985968088433
mp-752684,BaTm2O4,300.5760866660753
mp-28479,Sc2CCl2,107.69991265379008
mp-29304,Y2InCl7,937.5060773978364
mp-757878,Na5Cu(HO2)2,966.7290366678332
mp-669357,CdI2,787.236760780101
mp-23915,Ca2Al3Si3HO13,1436.3537111601277
mp-571516,CdI2,1185.8943901845605
mp-4762,TlAg3S2,575.1311428777581
mp-625873,Ba(HO2)2,420.2069317721535
mp-758389,LiNb(TeO4)3,313.620645473593
mp-28611,ThTa2O7,378.84056050928905
mp-9517,SrTiN2,157.15183789027978
mp-15254,Li3AlF6,1183.1875926119196
mp-707734,AsHPb4(ClO)4,1180.0643814863415
mp-7478,RbTmO2,88.03858386716738
mp-769317,Ca4Ta2O9,1199.8905169904551
mp-633158,NaTeH6O6F,194.1451391822326
mp-23276,InCl,1529.9499631813642
mp-23251,KBr,49.176152665215774
mp-15685,Na2CuAs,191.50643161527523
mp-21713,K2In3CuSe6,1159.717216085582
mp-5263,Ca4P2O9,1084.1040738278723
mp-558608,Nb2PbO6,515.2482766768475
mp-20098,Ba2PbO4,152.0998875262487
mp-676074,Na2ThF6,403.5415635168025
mp-553912,NaZr2(AsO4)3,679.0182164017848
mp-5152,La2SiO5,608.8519503377349
mp-978852,SrGaSnH,80.69371736186218
mp-5444,Y3Ga5O12,1565.8632921923092
mp-8360,RbTe,197.5488653908854
mp-9664,K3BP2,266.2030077243685
mp-570844,Ga3Os,377.3644861605234
mp-674333,Na3PO4,299.298872342405
mp-769025,K2Mg2O3,585.069226008848
mp-554719,Mg3B(HO2)3,407.97544850377903
mp-27135,Bi(PO3)3,808.1079439531768
mp-11714,SiC,110.33822729738446
mp-4672,TbPS4,1041.931408324038
mp-32692,Pr2S3,936.593118362801
mp-11014,K2TeOF4,322.195676480702
mp-3922,AgSbS2,375.7352151455956
mp-550820,SmZnPO,177.76099639747144
mp-28588,Na2BeO2,755.1269290005426
mp-9254,Al2Te5,165.30605833039115
mp-3887,Li3GaN2,871.8354498308158
mp-555736,BaHg2(ClO)2,639.6787150272362
mp-18710,RbSm2Ag3Se5,536.1352943807028
mp-752648,Ba3(BrO)2,330.8150479664987
mp-23956,K2MgH4,109.49767553532538
mp-10779,RbNdSe2,97.61771324088517
mp-556908,Nd5As4(ClO4)3,999.7139728082428
mp-12908,ScAgSe2,96.4170543493193
mp-560620,BaZr(PO4)2,202.08479984761772
mp-22313,Na2PtO2,105.4836988631151
mp-2878,Li3PO4,529.1254558915308
mp-560937,Na3Si3SnO9F,608.2572621403408
mp-561375,Pr10S19,1345.425459653848
mp-6564,Sr2MgSi2O7,429.3027222502064
mp-8673,Li2SnTeO6,377.980249563885
mp-568916,K6InTe4Cl,588.4489248114191
mp-756702,PrBrO,134.93800396510568
mp-17892,Ca2VN3,461.9044529502048
mp-5304,LaAlO3,94.26385361992646
mp-707176,NaCa2Al2P2H5O11F4,836.383314343265
mp-21099,K2Pb(SO4)2,225.1378536033101
mp-973185,ScAgO2,81.95748601931098
mp-42458,SrAl3P2(HO2)7,368.3015043414736
mp-989541,Rb2NaSbF6,217.96784996767136
mp-568855,K2Hg(PSe3)2,1025.6162031296733
mp-29585,K4CdAs2,170.82386565247265
mp-7904,CdP4,217.32750453384625
mp-22957,SrClF,140.73861891143002
mp-569952,K2CuCl3,580.8565401161583
mp-23810,BaAsHO4,1933.3225923924144
mp-17161,K6CdO4,514.6546811805954
mp-10985,RbCu3S2,284.57002388187306
mp-755357,NdAsO4,229.62443995391888
mp-4309,BaGa4S7,543.265522131351
mp-7548,BaSe3,194.02615603651824
mp-569178,HoTlSe2,97.7295512061327
mp-3527,Na3AgO2,269.19315469210403
mp-14288,Sr3P4,325.240296108393
mp-33449,Tb5AgS8,327.7193765473557
mp-780772,Ta2O5,380.717171461947
mp-4855,Li2SeO4,759.2515269483413
mp-6138,Na2TiSiO5,330.18244232213226
mp-570544,Zr(SeCl6)2,689.530534917942
mp-674508,RbPbF3,236.0933027687821
mp-13033,MgTe,47.1315692679775
mp-23897,Rb3H(SeO4)2,510.6564757549605
mp-4473,Ba(CuSe)2,485.7741040914696
mp-28712,Si2Hg6O7,299.19608964483007
mp-12487,CsDyCdTe3,294.8134385920944
mp-561237,LiCaBO3,816.9247315935328
mp-28570,NaInI4,588.5500601478587
mp-769262,K5YO4,1807.4971490580683
mp-22473,NaInSe2,96.91735950549204
mp-9274,Rb3Sb2Au3,196.86018281120624
mp-24424,BaHBr,117.66141702349742
mp-10289,Ca(BC)2,139.04630755092035
mp-8255,CaPtF6,167.10759656865082
mp-3038,Al2HgSe4,161.73614035210562
mp-554390,SrAl2SiN2O3,602.3809553280938
mp-28549,Li8SiO6,518.4684674350721
mp-31488,Li3NbO4,604.4103017772061
mp-556986,Er2B2Cl2O5,782.9573932733738
mp-583084,Rb3Er3(PS4)4,2286.526595268279
mp-695511,Na2CaTi2(GeO4)3,1536.4246841426152
mp-720985,CaEr15Si8Se11ClO28,1259.503015241154
mp-6389,NaLa2RuO6,413.1250149240309
mp-2490,GaP,43.94188897078479
mp-553950,Li10Si2PbO10,793.376068953787
mp-972199,CsTbS2,190.4028575367788
mp-29063,ThZrF8,1684.5658976634095
mp-863367,KBiO3,633.118967643786
mp-5692,TbRhO3,397.75670581875625
mp-571037,CdI2,501.0547152417434
mp-24217,Sc2P3(HO3)3,507.3937382533813
mp-759870,BiOF,1051.9936596002224
mp-762279,K2Ti8O17,512.8358730547552
mp-754055,CsErO2,178.42751730332947
mp-2918,YCuO2,164.61490765682817
mp-979137,SrGaSiH,75.62885155799161
mp-6687,Ba2HoSbO6,209.0129294916295
mp-752410,Ba2GeO4,582.7011923460752
mp-555178,Rb5H5(OF3)2,1286.888656404647
mp-561561,Cs2KRhF6,224.5812200057001
mp-11740,KNdTe2,98.0992285061865
mp-17886,K2Al2Sb3,1330.1419485240983
mp-540945,Na2Li3GaO4,784.7901263616969
mp-643384,BaHIO,326.46816392173383
mp-8075,NaBe4SbO7,409.61757168710704
mp-18309,Ba2CdS3,572.4271948757648
mp-3727,Nd3NbO7,432.6252657259016
mp-29044,Cd4Sb2I3,1763.9596391172986
mp-976713,HoH2ClO2,202.94472775637504
mp-13815,Rb2NaErF6,225.624553375085
mp-28127,Na2S5,638.7270998775816
mp-27198,Cd(NO3)2,1124.616017990828
mp-22168,Mn(InS2)2,296.35546859872835
mp-17350,La2TeO6,718.9334418573228
mp-690785,Na2H6Pt,115.01977531093948
mp-757333,Al12PbO19,1061.8759480890433
mp-17056,LiZnPO4,712.8169713974693
mp-6250,BaTm2ZnO5,767.3966910977225
mp-569132,K3InCl6,964.0339947223566
mp-975577,K3La(AsO4)2,566.0335005725219
mp-4030,Rb2Pt3S4,208.73907215752533
mp-568971,Ag2Se,292.94752392255424
mp-653561,Tl2GePbS4,750.2659598412877
mp-569225,Mo6PbI14,2011.0196551160584
mp-29910,Sr4I6O,533.739869986981
mp-865713,Li2TlBi,85.7557085285432
mp-7232,Cs2HgO2,115.04350299691224
mp-676286,Zr4CdO9,534.1456955980682
mp-541923,TlCu5Se3,871.5861600121227
mp-568203,K2Th(PSe3)3,1386.5151059879745
mp-19965,K4BaU3O12,424.8063296966548
mp-2961,MgSiP2,167.72674513868412
mp-5241,DyPS4,1041.8743436696564
mp-865101,NaLi2Bi,92.67980473996164
mp-754796,NaTmO2,339.80269851777786
mp-560564,Ti6In2Si2P12O49,1142.2342279523937
mp-8603,RbAgO,273.55414622846587
mp-559645,KThP3O10,1009.519998202042
mp-5156,ThP2O7,635.4973030477814
mp-30009,KrF2,66.85475767778682
mp-567931,InSiTe3,236.10028203125196
mp-505148,ThPbI6,395.0221527863623
mp-557059,RbSnS4,2206.087240631908
mp-558121,K4Ba(VS4)2,687.4375989436946
mp-17349,Na3In2(PO4)3,699.2028672552567
mp-753546,Li8TiS6,643.7073435490546
mp-11006,BaPS3,437.1056929576857
mp-568134,Cs2CdI4,671.4321630311557
mp-16432,Sr3(BO3)2,386.4941072729817
mp-14691,NaEr(PO3)4,1177.9483902004538
mp-31454,TaSbRu,70.72383822882014
mp-29693,Rb2AgCl3,586.5555319819032
mp-18480,Na3Ca2TaO6,497.0121177109145
mp-29244,Cd2P3I,272.7620619451349
mp-9359,ZnSi(AgO2)2,312.7174999842415
mp-16972,CsErSiS4,624.576333671491
mp-568333,K2SnBr6,204.602430773416
mp-10410,Ba4Sm2Cd3S10,901.7242120166788
mp-5472,Nb2Cd2O7,438.8182425054838
mp-755901,Sm3NbO7,429.10783136033456
mp-555424,CaNb2(P2O7)3,968.0249388266196
mp-13725,Li3PO4,264.1745948633946
mp-768907,Sr3TeO6,204.8648395191561
mp-570610,CdI2,963.5173053894522
mp-15557,Cs2As3,234.27483209257252
mp-4784,CaPtO3,193.47699367280728
mp-541715,Ba3GaP3,667.174650489879
mp-31468,LiCaN,240.56456892011272
mp-12365,KThCuS3,281.7290988661255
mp-680676,K2Dy4Cu4S9,444.9422422267511
mp-505747,TlIn5S6,564.7195737540986
mp-625404,AlHO2,215.7790704108021
mp-29978,Sr5Al2F16,980.271040675948
mp-696878,K3CaP2HO8,255.94445175667536
mp-5033,Tl2SiF6,184.9629873232202
mp-28051,SbTeI,146.8734663726584
mp-772862,BaSr2I6,884.9653353487876
mp-5470,AgPS3,214.46443300679468
mp-3094,SrAl2O4,499.0958263885265
mp-542143,RbZn4(BO3)3,585.4244420059115
mp-613620,Rh2O3,738.4466298383462
mp-2345,Dy2O3,829.8504566806037
mp-18411,Na3GeSe3,671.6075162570221
mp-754614,LuNbO4,230.9580709209443
mp-569623,Nb(SeBr)2,236.3315716022553
mp-13740,AgAsS2,558.7963321289619
mp-770426,Ho(ClO4)3,513.7789193045636
mp-9760,BaTb2PdO5,382.1396310039341
mp-11706,Ho2HgO4,293.8824762086822
mp-510030,Pb3(ClO)2,647.9820259343899
mp-17447,Sr10P6SO24,749.2387285902823
mp-14761,TmAu2F9,3029.446171330411
mp-29036,Ba(YS2)2,654.7292767504057
mp-27407,Ca12Be17O29,975.9827947358932
mp-27506,K3W2Cl9,661.3918884614251
mp-11790,LaCuSe2,387.2680071576272
mp-3521,NaBF4,218.94421892870065
mp-567178,PbI2,222.71129706081803
mp-554383,Na2Si2O5,629.0322591889629
mp-551816,YBi2IO4,173.76159044867697
mp-6867,KCaCO3F,129.41487007182764
mp-23199,BaCl2,291.0953032316416
mp-7977,CsSmO2,180.5589562254734
mp-13610,ZnPbF6,176.13200712282537
mp-556156,LiUBO5,562.6384891875698
mp-9489,NaSmTiO4,278.13908271830326
mp-733443,Ca7Si6H4CO23,662.3560325034887
mp-31415,La3TaO7,445.1777121376262
mp-28473,CClF3,161.2085414576392
mp-559314,Na5TiP2O9F,2692.74593776218
mp-29882,CsPdCl3,472.8244989298396
mp-768203,BeH2,175.68680386598888
mp-14422,Ca(AlS2)2,1216.3355713950716
mp-4589,PrPO4,412.87877604746814
mp-643759,GaH3NF3,240.8211700088064
mp-567809,AgI,98.71949965626264
mp-569563,Ba3Zr6BeCl18,1281.1184427802075
mp-559171,Ba3Ho2(PS4)4,2191.2017125438288
mp-13718,NaCd4(PO4)3,1431.5030810519604
mp-12645,LiHoO2,319.57698044538654
mp-623030,Na3CuSnSe4,869.2570849300748
mp-7061,NdZnAsO,181.7176649935473
mp-569421,Hg9P5I6,1861.305035216948
mp-8709,KIn(GeO3)2,388.8067905829307
mp-29679,Hg2PCl2,228.14984954799468
mp-695325,Ti5ZnBi2(Pb2O9)2,606.2837062330649
mp-334,LaF3,536.3014948783186
mp-676154,Yb(DyS2)2,326.9137511437804
mp-754469,Er2TeO2,221.36698848339717
mp-19717,TePb,49.46397973746944
mp-28468,KAg5S3,1282.826620257831
mp-625521,H3BrO,60.82450037910039
mp-9239,NaLaMgTeO6,390.16886366371057
mp-8133,LaPO4,313.22545114597494
mp-4236,BaZnO2,263.2772633221697
mp-4752,Na5Al3F14,890.8256352525029
mp-614603,CsI,49.68260468232292
mp-4586,LiAlTe2,183.2181014609551
mp-643043,RbHO,115.59525337992848
mp-559356,Tl3AsS3,1338.596386797777
mp-555527,Sm3Si2S8Br,620.1947029982679
mp-560173,KAlSiO4,1449.6989195669332
mp-5328,CdPS3,216.2463751127813
mp-562072,Cs3SbO3,630.9379454130917
mp-772783,Li2Mg3Ti6O16,999.5054424140304
mp-2874,In2Si2O7,191.48631999497184
mp-6246,Ca2CO3F2,588.6838927231975
mp-760483,Li2PdO3,233.0806296110314
mp-3193,Na2Si2O5,628.8290884454976
mp-32906,La2S3,941.6259431602364
mp-8774,Rb3CO3F,292.76121395364845
mp-1747,K2Te,73.69247224872296
mp-22874,PBr5,560.3749106739801
mp-29299,TeSeO4,235.5063702008928
mp-557752,CsHSO4,205.64844436903388
mp-558713,LiAlSiO4,346.6644129959495
mp-643006,Cs3H5Pd,303.5004258502072
mp-769173,PrOF,129.66690135049987
mp-28171,K3IO,120.51614976169544
mp-558219,SrLi(BS2)3,422.9492721219754
mp-561153,XeF3,348.9093083084419
mp-568803,Mg(B6C)2,332.5613538089618
mp-16947,LiAlGeO4,729.5245441731331
mp-560040,Ca2Nb2O7,1621.1050218669625
mp-756044,Na3AsO4,321.4227716338545
mp-1990,Mg3As2,925.030690385023
mp-555311,ZnS,1191.8835466448788
mp-569677,Sr2IN,94.61169318251515
mp-13852,Ge3N4,235.0892928836532
mp-29450,CuSe3I,723.7467732383775
mp-7618,Cs3YF6,191.55609952637744
mp-559519,Na4TiAs2O9,618.8287658394842
mp-28276,K2PrBr5,784.8060818447756
mp-9338,Ba2MgSi2O7,435.38726114268434
mp-558340,Nd5As2ClO10,369.3140936392777
mp-755293,Sr4Sb2O,161.24898451772805
mp-23651,Na4Al3Ge3IO12,863.9318819648078
mp-570538,NaN3,72.01412455403016
mp-29380,K2Te2As,976.0075043006112
mp-557968,Ba2Ti2Si2O9F2,2516.25413412405
mp-7786,CsCu3S2,139.2130343058934
mp-22969,PbIF,145.56422365335385
mp-779846,HoTa3O9,974.9678036568708
mp-28728,K6Sn3As5,1360.5142634248762
mp-23465,Cs2TeCl6,217.4150150118263
mp-17245,Na3TaF8,512.6443121433092
mp-861906,BaNa2Mg(PO4)2,253.5284288815719
mp-9124,LiZnAs,68.63135093929544
mp-560544,Ba3Zn5In2O11,891.9172248680738
mp-26855,Li2Sn(PO3)4,639.5897217539891
mp-28593,Li3BrO,104.88201528156502
mp-14568,BaMgF4,263.37457735052175
mp-29567,CuSe2Br,384.3945263334871
mp-532768,YZr5Si5PO24,1220.839665284262
mp-683957,Nd4CuTe5(ClO5)3,1128.6103171518216
mp-19956,Ba2InO3F,311.7014744933001
mp-643101,Rb2H6Pt,118.3797855619306
mp-649982,Sb8(Pb3S7)3,1781.4927656386392
mp-550579,ScTa(PbO3)2,160.65752999521442
mp-12807,KAlO2,302.45585476809487
mp-769368,Rb4SnO3,1485.7264844502292
mp-28962,Ti4Bi2O11,332.4441067419387
mp-10778,RbPrSe2,97.6439347367475
mp-10616,BaLiAs,69.38970834260263
mp-3721,SrHfO3,205.67725428847052
mp-6758,KNa4SnSb3,876.5406614419662
mp-554116,BaPb2BrF5,422.5662447921755
mp-11674,Al2Se3,226.18056772817863
mp-768735,Ba2SrI6,888.3107136422622
mp-570339,Tl4CdI6,545.4891748425202
mp-554853,Na4Si3(SnO6)2,776.2669160484005
mp-567503,PbI2,148.4797429365052
mp-11118,CsPrCdSe3,292.3344082899606
mp-23297,BrF3,164.47279258853453
mp-3540,Li2SnO3,478.9437470369555
mp-569175,ZrCl4,227.13940285871672
mp-569052,AgSe3I,484.1383099027604
mp-541462,SrTa4O11,610.2636208361714
mp-866154,TiBeIr2,89.06081541247947
mp-3247,Cs2TiS3,279.54246605320543
mp-10814,SrLiBO3,415.7567637504503
mp-570757,Nb2Tl3CuSe12,1727.9086043270215
mp-17250,K3SbO3,622.1927115215088
mp-557175,ZnS,817.0621798050506
mp-17693,SrCdP2O7,762.3371613180617
mp-505270,TiSO5,458.2903793106761
mp-9275,Th2Ta6O19,1024.569613866797
mp-722369,Na3B5(HO5)2,1104.3454905605254
mp-28491,Cu2SO4,249.54491321079112
mp-754943,ErBiO3,214.8680040401046
mp-989567,Cs2RbTlF6,206.97862445202384
mp-7738,LaSeF,140.97569310161833
mp-7973,RbNdO2,90.00597214053694
mp-27837,NaHF2,68.80673030555786
mp-6121,BaY2ZnO5,767.9542404004889
mp-556328,AsS,723.3725487176775
mp-12244,Cs3TiF7,475.6887766549383
mp-568493,In3SnI5,891.495075035227
mp-673633,In2S3,229.14530592762108
mp-4627,CoAsS,262.17510754816203
mp-23287,CuCl,382.3958646619367
mp-39033,Sr(NdSe2)2,339.67761178199936
mp-28875,Hg2P3Cl,271.9390432712469
mp-6333,NaIn(SiO3)2,349.1297637040986
mp-38975,PNO,129.90396367537716
mp-849223,LiNb(TeO4)3,312.9004032206231
mp-3032,RbBF4,442.0419131092868
mp-567753,La3CuSnSe7,578.908346624291
mp-29170,Hg(AuF4)2,473.6666697398321
mp-37458,Na2HF4,131.23941609529675
mp-510566,La3CuSnS7,556.8683581133836
mp-27805,Ba3SiS5,822.1363954679096
mp-3281,Al5BO9,470.4023408352937
mp-7756,SrLiSb,281.65349919230124
mp-676110,Tb14(PbSe8)3,995.8487568254476
mp-11123,CsYHgSe3,292.3382976889932
mp-755980,SrCaI4,589.0421488675458
mp-676020,BaCO3,168.81260898620565
mp-16793,Be3Cd4Si3SeO12,788.7896196286844
mp-569613,Ba2P7Cl,442.7010132480812
mp-18642,Ca(YS2)2,648.9306211812134
mp-753802,Sc2Ti2O7,208.19699198501812
mp-569107,CsErZnTe3,293.9108154569
mp-5532,Sr2TiO4,146.4385454714805
mp-30981,Te(HO)6,647.4338468220534
mp-542012,Rb4Hf3S14,957.4742609666253
mp-29183,LaNb7O12,1584.109353712951
mp-23330,NaClO3,330.102096335848
mp-23879,Ca(HO)2,85.17241654233464
mp-15703,BeCN2,74.38097180876757
mp-734733,Ca19(Mg4H27)2,1016.3388812383394
mp-676360,NaNdS2,188.4245762726424
mp-23552,Er(IO3)3,992.6664688238744
mp-573608,CdI2,286.44888089425814
mp-13997,RbAlF4,1239.757394277032
mp-22956,K2PdCl4,166.41753944561427
mp-781865,Ca5BC4Cl3,538.8483117325849
mp-29407,AlTeI7,432.6697467627196
mp-31076,Tl2TeBr6,398.125280380765
mp-554959,K2Al2Sb2O7,251.1164087749338
mp-14039,K2NaRhF6,216.07719942477075
mp-32586,Nd2S3,935.4623085724744
mp-625397,Nd(HO)3,230.1090197239268
mp-9127,Ba(SbO3)2,172.422693633965
mp-16903,SrSbF5,623.3910640203966
mp-20546,Ba2In2O5,392.4363820366051
mp-985582,Li6PS5I,234.6318162647124
mp-3395,SrSeO3,200.51077504567664
mp-619032,PbCN2,285.13595030019724
mp-556979,CsSmGeS4,646.0408139412034
mp-865750,Li2TeO3,225.6298143229308
mp-557744,NaUBO5,569.3151754124328
mp-580631,Cs2KTbCl6,217.26406527598587
mp-757001,Y15TmO24,820.8588191692852
mp-562726,CsGaS3,457.9106068702838
mp-6651,K2Ta2(OF2)3,1070.5541881143636
mp-32750,CuI,195.31815481454169
mp-2892,BaNd2O4,615.9263210886407
mp-4482,NaSbO3,193.8774601200508
mp-4412,La4Se3O4,248.2708669905812
mp-558347,K4Ba(SiO3)3,645.8103842301012
mp-29889,Tl2PdCl4,167.33205310058557
mp-754693,Lu(BiO2)3,431.256155901487
mp-861618,BaBiBS4,298.1208041167723
mp-6281,NaCa3RuO6,454.0467549135221
mp-559783,Na3B(PO4)2,928.4800888702342
mp-560570,Rb2NaAl6F21,595.6419543520994
mp-608311,Cs2Li3I5,236.19156388474212
mp-28529,KInBr3,489.36060472057386
mp-570700,Hf3Tl2(CuSe4)2,361.3720735286628
mp-756440,Er2Pt2O7,419.5716490367823
mp-15751,Ba3Y4O9,335.0443397811241
mp-756564,BaYCl5,333.4355479675775
mp-756142,La2Th5O13,416.7891570584282
mp-27753,In2(PS3)3,1195.728628242083
mp-753605,LiCuS,271.8499418981092
mp-560863,ThSe2O7,755.3138132988349
mp-541238,KTi2(PO4)3,599.0496181084333
mp-560974,BeAl6O10,2188.428984046174
mp-29862,SnBr2,294.25592171634423
mp-646007,Cs2Tb6Te7N2,401.152855514488
mp-21872,PrLuO3,420.2436172621956
mp-554623,Sm2Ta2Cl2O7,265.4695321628488
mp-554359,Cs2Si3SnO9,1057.1853370930075
mp-5704,Tl3AsS4,753.7283800082247
mp-772900,Sm2TeO6,704.1595856110167
mp-30952,GaCl3,183.8791924531967
mp-557304,Sr2SiCl2O3,647.4852266280982
mp-762351,Li4Ti7O16,503.70957697566985
mp-19885,InGaS3,227.91485333590435
mp-554395,Na5Li3(TiS4)2,798.1026610980223
mp-7575,LiZnN,58.485281134411245
mp-3516,UTeO5,550.1623713123452
mp-14782,Na6MnTe4,532.8863794042711
mp-555087,Ba5Si(Cl3O2)2,706.1492506970155
mp-28485,Sb5IO7,499.60279660516335
mp-555955,LaSeO3F,1461.1279250855466
mp-772788,Ba2Cu2O5,741.4662401690421
mp-18498,Sr3YRhO6,464.61826416323095
mp-697084,HPbIO,318.623023433277
mp-556649,Li4Ga3Si3BrO12,810.5070753939857
mp-14883,Ba4Zr3S10,385.8107942671269
mp-27386,TlHg5Cl11,397.3682419428206
mp-29839,Bi2SeO5,644.8766836156127
mp-768368,K4I2O,169.38908305527517
mp-568441,MgH2,286.9743633883016
mp-4673,SrHfO3,410.4195076596524
mp-15004,Ca3ZrSi2O9,1097.474356410431
mp-29201,TbCd2F8,248.74784799695576
mp-11625,KCa(PO3)3,470.84042450290207
mp-23017,CsCu2Br3,273.1331382611657
mp-29246,Cd2P3Cl,270.1340961617823
mp-23167,TlCl,48.10604377528212
mp-3924,LiNbO2,152.30417918323397
mp-559025,BaErAgS3,284.65640636795223
mp-23759,SrH2,83.29768643346262
mp-3188,Zn(SbO3)2,340.92075206849154
mp-6599,KNb(CuSe2)2,380.28136085977314
mp-769285,Ho3ReO8,454.74255143549226
mp-768537,Cs3TlO3,305.19931510598
mp-27832,Tl2SnCl6,205.8181111672452
mp-8720,Rb2MnTe2,242.12570800304832
mp-616461,Na2ZnCl4,665.8063173096464
mp-4941,Sr2SnO4,295.0581915302572
mp-570140,AuBr,181.61012921309825
mp-540794,Ba3SrNb2O9,594.204694028035
mp-12341,CsPrZnTe3,294.2250698509707
mp-984605,Ca3SnH2,213.111960583589
mp-680115,CdI2,1037.6558178720973
mp-13743,K3GaO3,307.3903443196635
mp-556120,RbTl(SO4)2,205.297704757678
mp-989516,Cs2ICl6F,208.20071131120773
mp-4748,NaNbO3,380.35990308525055
mp-18572,KEr(PO3)4,593.0028774258827
mp-17187,K3Nd(PO4)2,516.5987632583752
mp-581864,CsAsSe2,739.7707966624179
mp-555089,SrLi4Ca(SiO4)2,1128.6148420733932
mp-676650,Li6Br3N,196.5314272439578
mp-14565,K3P6N11,1217.9007356643142
mp-29947,K3PSe16,958.692274696406
mp-30287,LuPS4,518.8002969592791
mp-545598,UCdO4,124.14414286779068
mp-561620,Ag3AsS3,657.1652943426959
mp-24199,LiHF2,65.23825545262707
mp-978534,SiGe,86.60447105278068
mp-6452,BaSm2ZnO5,778.1249554227732
mp-531238,Cd(GaO2)2,1644.20666144502
mp-29012,Tl2AgI3,430.4766064968768
mp-2858,ZrO2,230.3122777698657
mp-4651,SrTiO3,202.8431960170693
mp-23576,CsSbClF3,530.4388316458239
mp-23104,Pb2ClOF,233.2862617464536
mp-8217,Cs2GeF6,194.92940423788312
mp-16107,Rb3P6N11,1225.472575724002
mp-772295,TmClO,129.84931566909344
mp-567278,Sr(Si3N4)2,224.1989748865746
mp-530294,Sm2Zr2O7,1723.0279786344342
mp-755043,Al2Si2O7,343.78842339217056
mp-570545,Cs2ZnFe(CN)6,290.70415521959234
mp-559539,Li2U3P2O15,792.3957283596134
mp-7173,ScSbPt,71.08614619506903
mp-7079,CaZrSi2O7,188.8100943601389
mp-8354,LaF3,172.15183490983887
mp-601257,DyCuPbSe3,583.770472328932
mp-625054,AlHO2,109.05308165910353
mp-554923,Sr(GaO2)2,1109.0403015135223
mp-1819,SbO2,233.7978405265177
mp-771771,Ta2PbO6,707.1659267266376
mp-23484,CsAuCl3,239.58058443882135
mp-683936,Ba4LaGe3SbSe13,2118.5716432795293
mp-28134,Ba2As2S5,1681.2362362457034
mp-29678,AgBiS2,96.28581854455544
mp-982980,Na3DyCl6,474.7291010579949
mp-541035,CsUN3O11,495.1187021121217
mp-6450,K2LiAlP2,271.4284757532845
mp-643005,Cs3H5Pt,297.403165020028
mp-562057,Cs2Ca2Be3F12,1524.9771816147172
mp-29116,Ta3SeI7,532.4988010884223
mp-561491,KNaMg2Si4(O5F)2,343.82316022923874
mp-6122,Ba2NdSbO6,210.04391919649007
mp-30311,Zn3(PS4)2,563.6165818591402
mp-557463,Na3ScSi2O7,959.1330689179898
mp-530121,Mg(GaO2)2,1574.8661628795671
mp-561190,NaAu(SO4)2,410.6055435727009
mp-6527,Na3Li3In2F12,1716.442282798253
mp-504535,InHO2,126.36167732246032
mp-568854,CsReBrCl3,852.6754165722576
mp-28944,BiTeCl,146.39430086979016
mp-753541,LiCuF4,243.1621480982229
mp-554903,TbSeClO3,488.9202627548256
mp-9363,RbNdS2,95.2660925154702
mp-568758,BiBr,392.4713054595501
mp-9687,K2PAu,192.0823056555934
mp-11018,TlCd(NO2)3,198.57749793607616
mp-2245,Si3N4,380.76787459415056
mp-542813,K2BeH4(SeO5)2,1167.7369761695072
mp-15519,NdZn(BO2)5,963.4336052115824
mp-14023,Na3Li3Sc2F12,1695.0434502950486
mp-753594,BiOF,134.93513451040852
mp-13195,NdSbO4,462.0742129072225
mp-574620,CsYZnSe3,289.9827014879229
mp-560419,KZn4(PO4)3,1398.207263093117
mp-766288,Ba2CaI6,879.4359945896435
mp-23021,K2ReBr6,193.14435290728196
mp-3448,KMgF3,109.23187678351786
mp-22186,In6Ge2PtO9,376.0537963807383
mp-557237,K5In3(SiO3)7,2563.9789515417915
mp-758272,Zr4N2O5,841.8484427119863
mp-541628,CsTeF5,616.343352329205
mp-6698,Th2Cu(PO4)3,606.776008410578
mp-2994,Co2(GeTe)3,751.8298489340913
mp-6942,Ho2CdS4,326.65563873525986
mp-680731,Tl2Te3,242.4416746970205
mp-569978,Na2Ti3Cl8,299.56463603601503
mp-1190,ZnSe,47.55461735549409
mp-5913,Pr2Si2O7,780.1112030227076
mp-24004,Zn2PHO5,587.9894959391924
mp-2341,Li3N,145.13998808849476
mp-13925,Cs2NaYF6,231.19832643578124
mp-541433,Cd(BiO2)2,1189.710428991026
mp-541638,K2(ReS2)3,989.7518118682682
mp-558285,GaBiO3,406.9480616226394
mp-9842,RbSm(CO3)2,331.26137476746214
mp-23151,Na4BeAlSi4ClO12,395.9847937694925
mp-29416,Pr5C2Br9,1478.034974429847
mp-638150,KPPbS4,613.8193812835731
mp-17095,CsCuSe4,580.2250140508293
mp-686583,Na5Zr4Si3(PO8)3,672.8285544382296
mp-28384,GaBr2,565.4339880298133
mp-567628,Rb2LiDyBr6,236.4306987572152
mp-3889,NaBO2,395.7100342557151
mp-556233,KAs4ClO6,241.5399840930868
mp-568662,BaCl2,72.81962418281161
mp-8398,CsYbF3,116.12809643885764
mp-30077,K2GaSb2,973.8852791381576
mp-558632,KNaSO4,240.3274362715873
mp-768372,SbBrO,792.0520687646008
mp-625856,TeHO3,661.2204992069012
mp-27752,Na6Ge2S7,694.1281023183012
mp-5348,MgCO3,153.08428708331968
mp-755461,Dy3TaO7,421.7583658638537
mp-644285,KAlH2CO5,288.00799592150304
mp-4138,Rb2CO3,441.45899071054953
mp-3762,VCu3S4,177.2792324030426
mp-4385,CdCO3,164.10401274797445
mp-27161,ZnI2,1164.2331643966324
mp-3855,Na2BeF4,566.8059668082711
mp-7337,NdAl3(BO3)4,302.6896920802015
mp-644271,LiHS,114.24467211284367
mp-570594,Sm3CuSnSe7,578.1050062979805
mp-13923,SnPS3,437.5021944572133
mp-772721,LiSi6Bi9O26,1567.2344607525026
mp-28232,MgTi2O5,300.32409722443066
mp-559703,BaLa2Te5O14,866.7114089352997
