mp_id,bulk_modulus_vrh,shear_modulus_vrh
mp-1190680,14.053,4.908
mp-2215,77.59,33.498
mp-27194,9.95,1.6280000000000001
mp-541449,12.438,8.261
mp-1002207,361.49,59.704
mp-567305,65.0,44.645
mp-13363,203.951,59.761
mp-7739,56.113,23.869
mp-631551,119.44,1.572
mp-983567,22.937,13.541
mp-11564,118.772,47.637
mp-12734,109.306,61.07
mp-6319,64.198,40.586
mp-977403,12.052,5.181
mp-15617,290.926,196.282
mp-900,138.031,26.75
mp-1105839,203.871,115.136
mp-2646,42.369,17.743
mp-972960,86.527,12.239
mp-23339,27.038,16.231
mp-10740,94.772,50.133
mp-23406,8.616,4.775
mp-1004526,176.693,76.921
mp-1413688,39.182,13.302
mp-631388,157.642,17.362
mp-7285,176.825,75.969
mp-13150,94.626,71.023
mp-2542,208.037,156.717
mp-754912,109.67,25.035
mp-9954,127.118,65.141
mp-474,98.282,38.227
mp-677105,58.829,26.47
mp-1007855,193.048,95.457
mp-999266,392.349,212.91
mp-510441,121.073,39.147
mp-570683,67.825,21.183
mp-22914,56.095,10.104
mp-631412,167.909,24.724
mp-542106,126.402,39.637
mp-794,43.579,23.178
mp-8180,39.77,22.996
mp-4999,111.275,67.306
mp-669546,149.807,62.629
mp-753506,60.947,36.004
mp-1018699,46.265,37.428
mp-12750,68.822,24.776
mp-825,252.231,96.302
mp-20340,109.129,53.655
mp-866020,50.682,25.265
mp-9075,84.837,32.065
mp-505540,176.642,76.463
mp-1013555,47.628,39.085
mp-3370,164.271,91.448
mp-1534,93.243,42.129
mp-9295,34.708,19.87
mp-2540,254.937,125.024
mp-22967,25.291,16.303
mp-866115,193.549,99.772
mp-20049,71.576,51.439
mp-541487,22.482,14.331
mp-974464,162.958,27.22
mp-974990,3.088,0.512
mp-631523,201.037,21.798000000000002
mp-22631,246.43,87.348
mp-8401,62.499,36.041
mp-866139,189.33,65.793
mp-10139,83.179,68.655
mp-1743,152.527,85.16
mp-21023,157.86,116.018
mp-9845,21.936,11.138
mp-1085,491.593,23.809
mp-980004,93.932,39.1
mp-9325,51.62,31.792
mp-2661,44.145,30.984
mp-568430,93.554,30.235
mp-546500,27.617,12.586
mp-764648,140.834,93.619
mp-863677,78.335,25.855
mp-864770,265.254,131.074
mp-540839,9.811,4.607
mp-28,39.338,33.95
mp-370,71.97,33.755
mp-39681,103.839,32.797
mp-753490,127.282,71.103
mp-21440,189.979,93.389
mp-971744,183.266,51.41
mp-567181,161.195,47.288
mp-9771,138.601,58.663
mp-998307,33.583,17.108
mp-505804,90.931,51.886
mp-2784,19.229,11.389
mp-569857,16.217,9.422
mp-1032,248.908,179.27
mp-1016872,172.529,26.92
mp-11430,62.159,35.969
mp-23085,45.518,22.391
mp-989554,135.546,49.111
mp-5916,106.765,58.089
mp-865433,74.058,20.648
mp-4738,64.503,39.785
mp-19782,76.971,43.513
mp-864840,218.128,77.859
mp-23281,3.21,2.106
mp-864924,58.214,23.305
mp-3411,34.649,15.825
mp-13914,154.032,97.165
mp-16290,194.302,54.987
mp-21260,95.179,53.266
mp-864981,99.317,32.495
mp-1016841,159.867,52.316
mp-1219,35.919,24.771
mp-3960,137.995,54.77
mp-541627,18.725,8.879
mp-30434,25.239,17.206
mp-1018154,111.5,44.974
mp-755089,154.271,77.349
mp-16271,36.538,0.834
mp-976968,104.533,38.431
mp-10021,55.429,46.698
mp-4823,47.04,22.117
mp-1009792,269.305,63.474
mp-2098,192.391,31.442
mp-1069604,103.918,47.82
mp-568940,154.034,82.948
mp-865469,193.143,78.85
mp-1280,65.928,20.06
mp-1597,206.152,92.078
mp-1016928,230.404,135.037
mp-1018048,135.707,77.026
mp-21237,156.743,83.056
mp-1029374,144.299,90.866
mp-530274,184.943,107.776
mp-12524,158.714,171.783
mp-9973,268.991,231.992
mp-27989,3.927,2.16
mp-1910,146.347,65.083
mp-22260,112.507,71.503
mp-925,316.753,162.007
mp-989562,33.191,8.613
mp-27762,21.314,16.394
mp-15624,27.607,19.874
mp-1021489,202.01,102.231
mp-15819,114.667,64.797
mp-30344,43.023,15.372
mp-1226242,301.097,201.556
mp-867356,308.589,192.283
mp-864987,168.969,55.119
mp-1089,294.735,163.457
mp-8013,11.553,4.906
mp-558110,5.928,13.215
mp-973174,52.516,21.232
mp-864765,43.786,17.57
mp-6947,272.328,201.767
mp-20913,90.78,13.408
mp-10991,96.439,47.451
mp-132,17.349,10.874
mp-11181,45.548,30.749
mp-552738,68.302,37.095
mp-4026,55.286,34.149
mp-999201,93.51,13.769
mp-37906,98.683,82.964
mp-20563,76.172,35.045
mp-2354,118.442,68.833
mp-1007693,288.028,105.077
mp-16919,85.427,45.222
mp-8126,93.076,60.168
mp-1016840,202.882,47.226
mp-8399,53.871,24.043
mp-1025067,157.22,96.466
mp-21847,9.764,10.135
mp-1639,373.617,379.418
mp-757100,69.93,19.302
mp-2959,46.567,22.518
mp-10457,169.282,93.146
mp-35717,46.015,30.614
mp-21910,32.77,10.085
mp-971996,84.713,46.093
mp-1025262,110.881,72.64
mp-7927,268.181,161.799
mp-979258,65.115,28.297
mp-573316,22.171,10.872
mp-20206,65.84,31.631
mp-16045,163.16,61.104
mp-1189451,310.237,292.421
mp-1019097,165.345,58.095
mp-866204,66.613,21.006
mp-1095591,85.104,48.429
mp-137,53.667,42.715
mp-2210,105.385,29.697
mp-975664,69.174,22.539
mp-1216295,354.771,132.178
mp-27418,46.429,18.352
mp-8911,46.958,15.031
mp-1547,120.17,60.39
mp-866120,66.273,29.296
mp-1359,258.818,109.754
mp-2639,21.088,11.725
mp-867170,151.641,153.628
mp-863703,50.105,19.158
mp-12532,36.776,13.319
mp-3536,182.861,98.235
mp-839,186.748,75.505
mp-10134,147.36,23.258
mp-733,37.861,28.881
mp-1039123,18.586,0.454
mp-21873,105.659,57.182
mp-999258,81.341,32.765
mp-1019359,78.808,39.448
mp-27861,177.68,97.153
mp-864787,56.084,47.324
mp-862692,43.612,18.839
mp-541895,36.443,20.662
mp-972504,56.309,31.189
mp-865895,203.806,74.202
mp-999490,45.768,27.774
mp-11418,72.033,43.497
mp-569511,120.245,37.576
mp-29025,26.516,16.903
mp-20257,87.148,28.112
mp-1008617,51.549,17.035
mp-999117,343.828,144.403
mp-978543,52.76,14.781
mp-4354,38.486,13.208
mp-12737,201.495,52.887
mp-30507,231.621,101.532
mp-982558,142.29,64.149
mp-5639,173.178,116.187
mp-1078,39.906,23.145
mp-1500,41.171,24.774
mp-1025350,22.211,63.614
mp-3582,157.751,104.546
mp-19991,47.85,24.856
mp-685935,60.062,35.545
mp-1046056,27.729,8.573
mp-7,1.874,1.075
mp-753848,89.756,41.778
mp-643754,29.989,10.733
mp-2030,172.042,121.491
mp-12403,14.836,7.539
mp-865964,34.099,27.664
mp-1595,135.559,49.941
mp-1021431,11.698,5.876
mp-1274,165.111,50.421
mp-11919,104.82,68.742
mp-5693,60.393,34.579
mp-6088,79.381,40.612
mp-15679,161.139,76.351
mp-4091,278.976,141.689
mp-997009,71.713,25.176
mp-19857,82.846,48.364
mp-976405,33.418,18.579
mp-1099,137.06,52.238
mp-3771,161.087,74.471
mp-7303,57.028,29.141
mp-2949,80.39,40.148
mp-567412,62.369,45.075
mp-865382,221.654,89.252
mp-30717,11.826,4.929
mp-2931,110.301,71.679
mp-30805,51.162,24.888
mp-22240,106.766,78.122
mp-977239,26.408,5.399
mp-31072,72.813,302.329
mp-979057,57.911,22.245
mp-1025421,67.594,23.832
mp-1569,200.504,228.81
mp-20457,73.875,38.448
mp-11504,80.961,48.083
mp-1025324,201.214,71.228
mp-862290,145.894,65.499
mp-975255,95.483,47.559
mp-6654,23.035,9.426
mp-11755,64.762,37.541
mp-562517,76.691,49.081
mp-865025,244.954,109.351
mp-865944,152.686,51.878
mp-3011,145.97,68.15
mp-977553,63.365,20.657
mp-2420227,47.823,44.806
mp-22877,10.488,9.518
mp-1716,233.122,105.314
mp-19747,57.203,17.818
mp-571102,13.509,5.91
mp-864916,187.509,87.375
mp-1029251,104.541,58.104
mp-11169,96.768,48.721
mp-30820,80.792,39.204
mp-864654,161.838,59.551
mp-1021499,75.852,26.749
mp-7364,93.089,36.257
mp-9665,16.559,7.368
mp-4283,117.105,61.786
mp-15779,124.71,74.315
mp-1779,39.676,26.05
mp-2929431,1.7850000000000001,1.164
mp-3161,63.069,55.349
mp-1918,198.729,74.969
mp-7877,86.566,55.773
mp-582034,213.198,187.685
mp-976055,24.671,16.433
mp-1018140,88.25,39.279
mp-1340758,118.951,56.266
mp-567841,91.876,71.729
mp-10759,57.611,44.393
mp-2580,263.884,198.028
mp-1017531,236.927,116.114
mp-975972,41.51,23.46
mp-11807,113.442,51.982
mp-30062,8.763,4.908
mp-862800,2.5460000000000003,1.806
mp-10739,219.7,102.358
mp-82,26.378,11.153
mp-982004,83.172,30.051
mp-23302,11.14,5.547
mp-408,49.429,42.782
mp-4692,114.571,73.379
mp-1064272,5.642,3.789
mp-864657,2.8810000000000002,1.97
mp-989644,16.182,4.943
mp-11201,71.045,45.625
mp-972912,29.595,16.724
mp-20698,48.848,30.049
mp-16343,37.377,33.386
mp-19934,79.546,30.741
mp-865248,179.898,73.733
mp-10623,112.537,42.792
mp-3400,141.054,96.788
mp-9569,66.211,45.563
mp-30867,148.847,55.613
mp-984050,73.332,26.673000000000002
mp-5690,162.616,80.921
mp-978527,54.144,16.825
mp-864904,73.061,16.491
mp-27421,13.584,6.409
mp-20695,96.578,51.211
mp-754808,132.923,78.047
mp-15697,31.995,22.573
mp-22971,7.311,3.768
mp-863713,97.769,34.119
mp-7436,29.374,17.875
mp-10470,221.086,113.62
mp-865897,35.03,19.316
mp-978911,64.962,27.122
mp-2360,48.071,33.926
mp-534,246.599,159.851
mp-29752,195.587,57.888
mp-23684,25.163,12.017
mp-9565,39.782,26.42
mp-2506699,49.604,21.994
mp-972222,277.307,103.594
mp-862423,123.752,53.036
mp-865357,111.133,44.23
mp-3384,173.762,105.755
mp-1025010,146.818,119.851
mp-1013549,35.813,25.706
mp-1386610,107.769,46.162
mp-22255,13.936,8.246
mp-1029660,86.996,41.251
mp-542264,74.92,34.761
mp-87,120.019,133.872
mp-976263,31.347,26.561
mp-10785,36.241,22.803
mp-570354,51.714,11.215
mp-8409,78.584,46.437
mp-978926,145.68,69.014
mp-980203,308.449,110.247
mp-22958,19.057,10.994
mp-862445,268.452,143.473
mp-2667,10.059,6.1370000000000005
mp-1029446,125.73,224.054
mp-738,72.555,23.812
mp-246,102.198,30.021
mp-30834,56.392,13.412
mp-867202,11.444,6.8870000000000005
mp-4988,8.873,5.635
mp-977415,89.835,22.834
mp-3707,121.058,25.3
mp-17332,70.414,68.245
mp-3307,43.4,19.34
mp-10686,40.135,20.058
mp-674,109.965,45.919
mp-571655,116.418,28.245
mp-2536,238.119,98.426
mp-570198,47.429,24.024
mp-979427,60.525,30.364
mp-30406,45.771,8.488
mp-3909,162.789,79.114
mp-972530,79.206,21.569
mp-1215198,232.951,193.022
mp-10314,59.843,37.689
mp-13798,37.066,18.04
mp-8922,107.992,47.314
mp-31330,91.094,44.34
mp-2909,87.429,39.228
mp-978988,68.08,27.068
mp-864804,52.714,4.747
mp-10115,255.394,120.286
mp-20487,40.212,15.802
mp-980199,52.438,26.151
mp-30866,282.841,137.344
mp-10326,26.19,12.192
mp-979989,47.651,18.544
mp-972062,53.312,25.438
mp-1190841,136.052,48.153
mp-10654,50.533,5.86
mp-5022,156.818,77.629
mp-2816,45.139,17.053
mp-4175,64.548,39.275
mp-8969,125.782,69.791
mp-865799,55.734,36.046
mp-30343,77.989,14.93
mp-999474,37.932,24.123
mp-863711,145.122,52.644
mp-866227,82.434,27.763
mp-579496,206.727,98.815
mp-30921,56.904,8.761
mp-29736,81.107,56.76
mp-974061,178.452,117.855
mp-3006,5.4879999999999995,5.003
mp-5921,192.409,53.507
mp-2988,81.563,35.873
mp-13525,111.539,36.26
mp-1025291,82.772,49.134
mp-997618,98.422,83.541
mp-631547,107.248,3.701
mp-1778,207.897,153.975
mp-977554,72.567,28.927
mp-1025123,242.745,91.914
mp-5075,177.226,121.093
mp-974832,6.311,0.48
mp-571247,135.713,98.633
mp-863733,91.146,28.354
mp-865926,123.024,48.221
mp-8682,152.578,98.816
mp-5407,179.963,98.873
mp-989551,41.494,13.628
mp-3497,50.47,19.147
mp-2695851,77.064,16.08
mp-12906,47.647,29.98
mp-2776,65.975,11.065
mp-5486,97.787,55.112
mp-720,6.828,4.15
mp-23002,25.612,14.541
mp-978496,129.631,90.777
mp-862656,76.785,56.514
mp-862716,66.506,24.289
mp-973538,67.89,40.238
mp-6511,15.519,8.426
mp-5532,127.094,75.758
mp-571160,64.88,19.653
mp-864897,162.384,48.901
mp-22440,158.407,84.508
mp-1025455,112.151,2.313
mp-600561,106.321,41.679
mp-4864,40.739,28.662
mp-13852,174.776,82.389
mp-568388,3.863,2.127
mp-36086,104.609,90.318
mp-20395,183.377,76.499
mp-4768,94.667,58.471
mp-495,68.978,43.84
mp-5492,79.915,43.078
mp-10140,76.574,54.498
mp-12962,111.254,59.351
mp-2065,60.377,34.361
mp-979937,39.52,8.177
mp-861736,107.809,33.967
mp-10878,32.632,62.995
mp-1002069,20.106,11.883
mp-558733,263.994,193.946
mp-865376,43.03,26.114
mp-364,194.408,98.81
mp-24202,81.272,42.175
mp-11288,30.44,10.343
mp-1793,105.452,37.599
mp-2676,167.518,119.142
mp-866295,43.506,22.533
mp-863679,185.741,78.278
mp-8033,118.532,34.579
mp-1190751,18.333,0.28800000000000003
mp-541840,117.411,41.047
mp-976419,102.841,29.873
mp-865472,258.765,107.994
mp-549490,139.204,85.723
mp-20994,255.403,113.66
mp-7343,55.615,17.134
mp-28497,17.295,7.552
mp-973571,44.851,28.755
mp-2713,140.411,56.862
mp-1009756,28.076,19.418
mp-1090,78.571,36.343
mp-672294,101.06,77.888
mp-1025205,142.796,72.317
mp-864927,217.65,103.317
mp-12480,149.536,69.61
mp-3166,183.234,94.675
mp-7482,50.69,14.872
mp-977547,140.599,62.854
mp-10897,108.679,59.669
mp-570657,44.169,1.5230000000000001
mp-675172,208.145,120.083
mp-862335,160.442,59.369
mp-22962,13.373,7.225
mp-7435,35.575,21.711
mp-729,246.829,154.873
mp-8539,41.51,23.276
mp-16314,103.205,49.592
mp-973556,51.667,34.157
mp-865308,171.518,52.236
mp-568809,28.583,18.694
mp-2025704,9.903,6.9190000000000005
mp-11576,32.524,25.063
mp-1025504,100.012,56.193
mp-972954,42.98,4.888
mp-862684,145.945,59.172
mp-977189,19.11,9.212
mp-30595,177.039,63.304
mp-972941,32.912,11.214
mp-774873,22.146,10.683
mp-567397,335.85,169.09
mp-866067,50.858,21.146
mp-978291,48.729,32.735
mp-867259,76.882,24.906
mp-973750,60.626,19.562
mp-561442,169.817,95.728
mp-754326,58.425,26.511
mp-1008688,73.05,17.188
mp-5068,79.781,39.479
mp-10953,69.767,24.821
mp-1104008,60.633,45.953
mp-34169,28.627,17.702
mp-2614,106.503,83.451
mp-20541,206.579,103.941
mp-3881,57.665,23.691
mp-999133,201.83,71.407
mp-9898,51.12,33.441
mp-557559,0.876,0.398
mp-28929,10.461,5.307
mp-10622,70.29,44.49
mp-556004,38.546,25.265
mp-2131,39.156,20.283
mp-21347,299.575,177.92
mp-765294,25.933,16.32
mp-3378,155.349,92.483
mp-4876,14.239,6.494
mp-862797,36.494,17.941
mp-865797,127.341,69.17
mp-977421,132.553,44.279
mp-5589,77.447,47.371
mp-999495,29.531,6.252
mp-570197,52.094,15.119
mp-20136,24.299,13.484
mp-3556,127.607,70.856
mp-4300,88.802,30.327
mp-4275,127.742,55.498
mp-867897,204.892,102.073
mp-5251,66.517,33.929
mp-28174,2.346,2.36
mp-675104,20.048,8.16
mp-11547,81.983,25.047
mp-30494,61.151,29.259
mp-13061,140.624,43.654
mp-20674,107.52,55.659
mp-568286,118.035,88.909
mp-580357,149.816,48.551
mp-1368,105.749,32.407
mp-556084,15.73,8.247
mp-20261,32.669,19.199
mp-972692,44.231,14.712
mp-972209,250.356,104.672
mp-865145,27.25,8.941
mp-425,153.466,127.484
mp-505822,189.963,75.142
mp-1820,62.187,44.285
mp-867266,33.477,10.983
mp-718,145.871,54.511
mp-6624,127.515,80.136
mp-625054,106.355,79.123
mp-4697,72.426,33.234
mp-861182,24.697,14.592
mp-22396,187.702,102.86
mp-1009485,313.927,140.253
mp-973777,43.402,0.147
mp-973067,128.767,23.656
mp-865932,46.894,33.556
mp-21167,191.012,38.833
mp-1215209,268.949,221.721
mp-971738,155.672,56.716
mp-962077,68.261,5.193
mp-864668,82.554,18.058
mp-1056,141.499,61.887
mp-1025045,140.178,44.998
mp-104,32.445,20.273
mp-1878,125.555,129.905
mp-2917,119.315,75.813
mp-11506,214.444,91.253
mp-978534,73.122,55.607
mp-864933,88.2,20.608
mp-636273,38.83,10.717
mp-10149,48.001,13.854
mp-5200,169.867,73.418
mp-979294,110.647,45.527
mp-10861,7.842,1.6800000000000002
mp-7283,170.08,155.057
mp-1058151,29.74,10.827
mp-4805,112.425,60.067
mp-2960,148.752,64.218
mp-12953,47.341,18.114
mp-4962,113.942,77.053
mp-12736,202.448,51.366
mp-861629,102.805,43.455
mp-1019280,32.355,24.914
mp-569833,107.034,55.298
mp-1371,64.308,23.339
mp-573755,9.36,3.5869999999999997
mp-1235,227.385,82.089
mp-550008,148.262,71.889
mp-1017543,170.19,76.147
mp-1594,173.653,44.062
mp-27438,27.664,15.95
mp-2025,130.956,120.416
mp-978085,52.072,15.917
mp-862795,44.205,19.952
mp-1330,252.764,216.097
mp-11549,192.283,78.469
mp-971669,100.502,47.232
mp-782,53.053,17.97
mp-865995,70.05,15.34
mp-1219553,11.822,7.082
mp-29151,38.043,26.953
mp-8096,13.999,6.777
mp-2466,103.81,43.716
mp-866132,24.55,18.578
mp-1008872,111.271,57.648
mp-510403,98.6,31.19
mp-975206,117.294,105.897
mp-554134,3.8609999999999998,1.184
mp-2090,189.836,91.403
mp-1164,97.603,71.668
mp-672340,95.132,41.998
mp-542170,141.033,66.176
mp-19940,138.579,86.366
mp-569008,4.94,1.982
mp-4071,194.285,139.105
mp-12557,57.771,39.629
mp-1025339,124.98,81.239
mp-30578,107.72,23.276
mp-5259,45.534,28.532
mp-437,81.405,25.035
mp-7973,68.969,36.925
mp-973266,53.348,33.866
mp-979419,40.892,25.48
mp-11293,113.193,50.865
mp-22144,175.354,107.734
mp-3470,97.725,67.421
mp-961697,95.062,38.126
mp-10611,60.77,39.774
mp-2507,18.273,12.041
mp-5392,111.352,65.679
mp-28938,12.425,8.64
mp-541989,39.851,19.095
mp-510374,78.507,46.696
mp-15226,295.098,142.003
mp-20337,118.685,34.182
mp-3018,118.634,73.221
mp-1025212,189.205,59.621
mp-13181,125.291,12.21
mp-973432,130.571,46.272
mp-1018649,376.878,331.922
mp-569775,102.592,59.186
mp-505517,183.851,108.317
mp-643084,94.858,60.907
mp-7387,23.276,10.958
mp-985439,57.169,33.396
mp-1217818,293.658,224.962
mp-1223860,326.804,201.523
mp-23087,133.058,94.309
mp-11466,18.769,8.158
mp-1009823,191.338,52.725
mp-11516,228.567,155.083
mp-556242,100.271,49.604
mp-567723,120.915,51.797
mp-30455,90.608,40.665
mp-309,83.938,36.124
mp-23084,43.224,17.959
mp-977542,42.072,17.115
mp-571147,187.543,76.808
mp-21382,75.399,46.845
mp-30779,39.515,26.455
mp-13944,102.784,99.981
mp-2226,91.251,34.497
mp-22687,33.333,16.521
mp-477,71.852,53.193
mp-1025322,76.389,53.225
mp-11957,75.338,38.941
mp-10197,197.527,29.097
mp-568186,167.183,48.099
mp-570093,65.917,38.077
mp-30500,81.552,26.541
mp-866155,209.627,91.984
mp-4022,167.087,95.112
mp-971909,149.877,0.619
mp-982370,7.773,3.678
mp-9577,49.839,35.571
mp-867874,241.663,90.582
mp-6954,48.889,29.294
mp-982070,270.236,116.36
mp-973175,55.254,20.144
mp-22739,56.257,27.532
mp-22717,59.191,25.46
mp-3581,62.712,47.917
mp-974949,12.992,4.304
mp-1016902,151.079,53.821
mp-1077723,88.774,28.123
mp-428,38.445,27.868
mp-865499,275.44,129.105
mp-8932,15.288,8.595
mp-4322,144.516,89.475
mp-30483,32.099,14.606
mp-3405,152.126,69.533
mp-1077353,156.801,90.2
mp-1019266,56.908,24.397
mp-614603,8.224,4.02
mp-23037,21.823,9.296
mp-20554,42.952,14.658
mp-16828,64.468,39.327
mp-24390,72.678,39.173
mp-16488,107.487,72.22
mp-11465,42.841,19.557
mp-169,115.697,80.084
mp-864756,30.524,17.477
mp-1427,156.458,73.089
mp-2468835,129.576,91.595
mp-2349989,117.29,40.927
mp-5540,147.126,118.908
mp-12923,98.247,31.257
mp-21894,69.115,46.562
mp-864758,13.554,5.917
mp-567703,203.967,86.951
mp-971837,38.904,17.206
mp-1008530,204.053,82.704
mp-567747,317.793,121.476
mp-2819,37.644,2.024
mp-213,55.058,18.707
mp-771,122.529,80.027
mp-1018629,153.404,20.546
mp-977286,21.078,0.8260000000000001
mp-438,74.377,36.021
mp-866087,179.203,75.943
mp-3501,98.162,58.284
mp-2214,44.234,24.287
mp-12648,126.701,144.287
mp-2264,80.602,54.614
mp-29153,157.834,82.497
mp-8102,344.254,70.766
mp-13240,114.133,60.675
mp-7430,39.354,20.206
mp-2800,129.573,100.19
mp-2758,41.256,27.097
mp-754940,39.278,26.756
mp-996973,46.181,14.739
mp-571443,35.493,22.431
mp-20268,150.678,68.935
mp-23282,3.862,2.612
mp-3498,128.242,22.94
mp-2056,105.255,47.072
mp-978500,264.313,95.512
mp-739,139.085,90.022
mp-23029,6.9879999999999995,0.965
mp-7469,47.66,22.586
mp-1223677,354.211,214.796
mp-862805,80.55,17.514
mp-4458,149.607,76.62
mp-4051,17.002,30.589
mp-10523,148.899,56.926
mp-129,262.529,117.048
mp-21422,141.273,58.224
mp-555483,119.344,43.519
mp-862725,219.455,89.291
mp-24152,86.522,55.883
mp-31442,70.882,25.237
mp-6951,55.222,22.838
mp-984729,79.071,49.114
mp-1196116,226.401,195.537
mp-9124,53.606,40.964
mp-13270,48.592,15.092
mp-862602,146.391,94.037
mp-5869,112.399,61.191
mp-981252,37.533,17.204
mp-6504,73.809,30.686
mp-5577,129.851,65.086
mp-981393,82.566,32.929
mp-2280,74.484,24.776
mp-862713,227.447,99.655
mp-567590,218.705,75.807
mp-567220,122.772,69.177
mp-999545,125.464,115.101
mp-865810,257.893,119.069
mp-8439,39.186,22.791
mp-12107,238.047,106.959
mp-23197,16.52,6.535
mp-864633,57.531,19.66
mp-30835,205.117,73.846
mp-10890,63.994,40.501
mp-999069,412.064,12.007
mp-30613,60.804,37.354
mp-567089,81.33,33.51
mp-712,70.25,31.833
mp-2489,178.518,29.992
mp-1021848,27.035,15.503
mp-755895,119.003,67.526
mp-865324,3.289,2.7
mp-561664,11.814,7.157
mp-1014264,265.131,21.11
mp-1078526,141.771,9.952
mp-978509,153.635,36.773
mp-2781,110.671,32.904
mp-1018849,353.873,130.572
mp-13051,30.437,17.973
mp-568284,13.289,6.9190000000000005
mp-11736,222.449,101.928
mp-978549,59.305,29.737
mp-640708,128.509,67.937
mp-1281,273.207,126.573
mp-23499,11.298,5.661
mp-862791,185.797,298.985
mp-1018054,231.325,112.224
mp-984352,203.003,111.008
mp-989564,243.043,92.446
mp-23153,4.837,3.174
mp-755144,55.978,39.05
mp-2369,97.577,39.635
mp-2851,99.681,47.367
mp-1023161,41.748,26.463
mp-864922,94.828,25.037
mp-9304,82.277,38.336
mp-795,52.319,36.261
mp-864857,192.655,69.361
mp-29873,19.054,7.96
mp-16886,93.631,26.46
mp-861460,42.162,17.936
mp-21469,178.311,71.09
mp-2634,312.566,209.5
mp-1189355,91.797,31.336
mp-22972,36.09,8.571
mp-8188,95.827,57.465
mp-644389,42.316,29.177
mp-8874,94.759,73.016
mp-1019279,37.518,27.358
mp-8207,193.672,63.614
mp-8020,183.62,66.054
mp-571193,137.018,116.03
mp-570290,34.353,15.324
mp-972257,34.964,19.382
mp-554973,70.161,25.725
mp-7424,173.199,46.36
mp-20125,101.405,15.334
mp-7857,207.405,190.624
mp-979234,35.996,20.299
mp-1019262,240.219,77.09
mp-27455,5.717,3.334
mp-2052,85.701,51.516
mp-5038,12.848,6.173
mp-22924,29.484,12.854
mp-867213,117.96,47.096
mp-315,67.722,24.288
mp-546679,174.661,105.689
mp-981207,54.772,37.631
mp-569054,70.274,14.097
mp-862769,19.114,12.139
mp-1001788,178.43,52.095
mp-1821,23.208,17.056
mp-568631,92.061,53.078
mp-1025223,116.342,87.932
mp-7882,47.006,4.63
mp-1013710,3.9699999999999998,6.834
mp-580364,104.747,14.966
mp-21879,137.231,62.307
mp-3376,108.931,63.505
mp-3194,86.815,65.462
mp-10435,77.086,41.59
mp-1018104,78.996,32.238
mp-1019272,288.589,150.555
mp-3301,133.933,53.071
mp-976838,173.553,46.299
mp-31459,165.084,66.374
mp-865195,147.294,55.923
mp-1565,235.389,103.516
mp-556075,113.78,63.877
mp-6081,81.257,35.951
mp-778364,46.367,25.335
mp-15781,37.153,20.828
mp-997034,76.627,34.529
mp-6633,18.759,8.919
mp-27679,12.532,4.615
mp-978507,52.79,34.028
mp-972044,44.763,31.315
mp-2105,143.703,95.21
mp-5688,132.768,79.147
mp-747,103.144,39.324
mp-866161,251.039,128.846
mp-1497,289.035,146.051
mp-977399,84.673,40.498
mp-13082,220.339,98.352
mp-9387,86.002,53.608
mp-754434,212.613,66.114
mp-569170,36.971,23.429
mp-22152,48.294,33.541
mp-864684,189.709,80.044
mp-865110,24.965,13.0
mp-555434,91.699,51.804
mp-580886,22.311,12.264
mp-12120,293.289,175.639
mp-23764,63.515,35.137
mp-1224263,247.465,250.862
mp-21433,81.218,52.977
mp-996990,82.961,44.442
mp-29661,180.761,70.297
mp-30423,125.266,26.935
mp-11523,163.22,17.165
mp-31160,46.54,37.248
mp-1013548,57.655,49.131
mp-1017533,146.084,87.281
mp-3078,58.932,31.08
mp-774922,6.146,13.893
mp-978833,55.99,22.726
mp-973316,11.571,5.99
mp-10659,42.255,27.815
mp-570632,57.536,28.736
mp-1129,166.725,79.378
mp-5292,115.307,57.367
mp-29136,63.615,27.585
mp-500,23.348,15.826
mp-1014257,145.73,94.61
mp-675798,71.34,32.839
mp-23229,9.771,6.402
mp-10651,55.819,38.258
mp-3534,22.025,15.452
mp-4652,151.048,28.127
mp-1025161,154.477,53.791
mp-9330,11.099,6.8469999999999995
mp-12927,98.183,62.055
mp-9574,34.453,23.924
mp-865563,111.102,18.066
mp-558518,30.804,22.279
mp-27882,8.703,4.521
mp-12806,49.734,21.715
mp-30650,45.747,25.13
mp-752463,177.394,57.723
mp-30819,124.378,59.706
mp-569331,61.911,17.812
mp-973684,41.172,18.141
mp-12385,135.914,80.852
mp-981234,35.777,16.544
mp-961656,134.14,53.837
mp-1546,41.005,24.698
mp-29656,47.47,15.999
mp-3584,114.656,55.684
mp-5072,23.964,11.792
mp-1638,47.886,32.398
mp-22864,82.069,26.028
mp-982870,214.618,81.996
mp-1205309,43.817,32.433
mp-571035,5.865,3.473
mp-993,87.052,23.018
mp-30882,105.49,65.278
mp-11806,86.934,37.269
mp-24092,68.537,47.226
mp-867869,83.326,27.293
mp-1007824,50.017,22.424
mp-14791,25.98,21.48
mp-1190963,155.341,79.573
mp-861735,39.982,10.424
mp-2114,159.077,120.831
mp-16755,21.873,14.885
mp-603,125.633,84.594
mp-24659,108.814,61.069
mp-554573,24.084,37.443
mp-1019740,302.943,232.977
mp-2330,68.479,42.182
mp-977418,68.967,18.185
mp-862702,79.681,32.127
mp-867290,60.402,39.055
mp-11382,102.413,56.671
mp-1029726,83.44,58.897
mp-3416,50.993,28.155
mp-21253,17.65,12.637
mp-1180046,12.339,26.828
mp-862610,174.685,62.733
mp-10186,94.62,49.752
mp-979938,31.688,15.305
mp-2598,105.592,60.636
mp-10600,58.829,34.474
mp-3050,170.395,103.015
mp-24834,24.063,10.798
mp-571622,132.244,33.971
mp-1018657,49.307,21.614
mp-21495,238.171,144.123
mp-5478,139.649,38.327
mp-1013588,31.726,22.585
mp-961687,118.393,55.653
mp-865717,234.973,118.676
mp-1009894,145.849,37.043
mp-13649,30.729,10.708
mp-865791,253.029,138.001
mp-14006,49.629,21.423
mp-999441,181.79,54.324
mp-2705,247.745,108.174
mp-2455,166.406,119.207
mp-976181,19.495,11.449
mp-973865,93.654,66.056
mp-4573,28.606,16.998
mp-30349,39.481,13.522
mp-384,57.463,37.098
mp-12521,92.315,27.896
mp-11489,36.429,15.968
mp-1105681,156.673,65.355
mp-866154,241.903,121.444
mp-980062,48.824,29.049
mp-9873,52.444,36.396
mp-146,181.232,40.746
mp-999439,183.542,23.16
mp-4559,46.663,21.432
mp-4867,113.819,47.283
mp-7486,56.285,27.769
mp-571044,164.527,93.348
mp-28591,23.476,12.461
mp-1079348,338.097,195.212
mp-976291,24.716,16.29
mp-983584,49.964,10.322
mp-864732,40.172,26.401
mp-752947,53.161,36.796
mp-865185,76.107,45.528
mp-21854,35.396,9.014
mp-865003,214.003,111.931
mp-33618,53.367,21.01
mp-571262,118.844,50.018
mp-567842,136.248,146.834
mp-1014244,177.173,80.045
mp-25433,43.04,30.243
mp-1025238,96.793,62.39
mp-27984,72.722,33.187
mp-1473,337.469,85.018
mp-363,144.24,108.792
mp-68,35.412,19.245
mp-568596,85.394,22.155
mp-998981,102.749,65.989
mp-400,72.11,47.046
mp-12075,128.275,79.786
mp-22568,168.668,52.731
mp-2088,74.275,49.823
mp-1948,48.529,14.165
mp-866375,210.464,127.259
mp-2456335,4.359,1.297
mp-1220351,287.133,219.876
mp-864629,52.345,19.813
mp-1418,199.381,99.899
mp-571461,14.495,7.556
mp-2979,161.837,95.434
mp-10270,208.929,96.179
mp-629015,99.716,70.992
mp-631269,141.531,30.087
mp-3035,142.193,77.717
mp-1001835,70.778,45.849
mp-30587,100.153,31.24
mp-22858,11.664,5.404
mp-1029385,112.952,85.985
mp-29973,39.109,25.771
mp-6779,102.385,40.374
mp-23178,1.108,0.59
mp-13254,51.635,33.459
mp-3471,136.781,65.972
mp-13033,35.367,12.698
mp-1191244,163.313,141.6
mp-864606,163.571,81.723
mp-675283,13.435,2.746
mp-568398,53.944,22.466
mp-10736,12.544,5.365
mp-30533,31.59,13.097
mp-11508,135.442,96.673
mp-23259,25.963,16.321
mp-11775,132.148,69.574
mp-862629,139.016,187.799
mp-13071,80.643,55.047
mp-1552,295.211,151.829
mp-17413,204.618,71.393
mp-999047,153.082,43.594
mp-10102,29.114,14.306
mp-23145,56.124,31.02
mp-796,159.438,11.999
mp-30566,96.827,24.714
mp-631404,181.074,15.702
mp-20632,83.105,43.833
mp-865815,104.932,24.769
mp-20922,44.205,19.481
mp-867350,30.387,20.709
mp-755920,183.115,75.836
mp-867821,207.781,83.607
mp-2493,143.06,76.604
mp-2767,116.187,80.336
mp-2075,294.14,248.7
mp-4187,84.757,60.474
mp-1832,178.329,71.862
mp-972071,203.583,36.67
mp-2611,39.558,22.184
mp-27275,72.847,42.251
mp-1018718,271.821,91.152
mp-990076,246.057,160.992
mp-1008610,172.053,29.649
mp-514,110.274,59.457
mp-2516584,113.32,87.786
mp-23526,16.231,8.709
mp-571384,34.471,16.27
mp-573658,12.943,5.717
mp-20796,196.047,7.245
mp-21468,48.478,11.144
mp-36940,35.297,2.902
mp-861935,116.199,38.677
mp-11488,46.826,15.837
mp-568908,112.073,34.946
mp-5159,83.371,20.021
mp-12748,92.241,65.624
mp-2053,173.865,82.544
mp-560445,120.303,68.24
mp-516,63.1,36.872
mp-1018161,104.241,46.545
mp-9636,11.184,4.926
mp-24011,94.096,91.54
mp-982739,111.695,58.693
mp-46,112.944,48.257
mp-23706,78.381,54.412
mp-981311,29.409,5.404
mp-978993,58.463,21.612
mp-21476,240.287,88.269
mp-570554,160.356,98.512
mp-1002136,64.033,14.169
mp-16497,106.697,52.175
mp-862372,148.186,63.627
mp-31458,144.54,28.092
mp-977187,40.649,16.716
mp-570998,41.942,22.499
mp-865470,46.296,13.564
mp-3448,74.789,43.567
mp-9987,222.653,130.576
mp-7250,220.75,89.264
mp-975990,49.933,13.061
mp-2918,115.21,35.776
mp-20754,47.381,27.191
mp-762,20.713,8.299
mp-27319,151.636,79.245
mp-861912,230.754,101.829
mp-16548,84.573,30.321
mp-555,185.005,89.567
mp-1714,182.055,128.034
mp-606604,43.461,18.167
mp-972088,94.083,40.008
mp-1224184,244.894,237.314
mp-20633,103.849,39.538
mp-10162,58.118,26.178
mp-1009831,312.497,189.096
mp-21281,133.86,65.888
mp-21096,42.158,35.285
mp-8780,288.234,141.769
mp-1020011,83.023,68.471
mp-2775,54.006,19.453
mp-862923,71.516,23.111
mp-2283,128.339,48.526
mp-1029595,41.387,20.467
mp-981548,53.212,14.644
mp-879,50.175,25.245
mp-7954,98.225,37.433
mp-10877,81.186,60.736
mp-861943,179.835,62.621
mp-865805,201.21,81.324
mp-865611,181.297,85.898
mp-4842,84.975,45.424
mp-571053,117.921,82.612
mp-2577,238.125,151.231
mp-20724,34.401,21.217
mp-12724,24.149,8.793
mp-21017,77.789,58.485
mp-9587,306.124,172.722
mp-15316,54.98,27.75
mp-549970,124.748,53.073
mp-10699,205.343,85.576
mp-29463,92.715,65.035
mp-13094,93.804,57.961
mp-884,81.814,25.855
mp-861994,59.723,25.452
mp-865210,45.134,23.143
mp-9200,18.66,11.654
mp-31441,95.635,41.728
mp-28282,16.921,8.008
mp-11435,98.06,61.377
mp-865912,102.513,37.415
mp-22691,11.006,7.042
mp-1016900,190.541,38.385
mp-1519,37.042,23.516
mp-7276,79.572,39.135
mp-861889,89.781,30.851
mp-542090,24.097,28.081
mp-983509,11.971,6.122
mp-19729,55.073,28.196
mp-865531,159.093,83.1
mp-11580,206.197,123.545
mp-8236,61.494,32.265
mp-973957,48.916,16.435
mp-1024957,109.749,55.5
mp-961696,181.264,72.168
mp-1804,253.773,180.178
mp-30790,193.868,33.7
mp-9385,9.541,3.555
mp-1195282,14.375,7.765
mp-31468,69.668,40.787
mp-862601,55.598,13.605
mp-863727,154.975,60.474
mp-569628,53.32,22.156
mp-865592,87.008,30.47
mp-22660,107.674,28.665
mp-13583,121.632,68.945
mp-29364,94.256,64.692
mp-10366,225.621,114.307
mp-20432,141.838,26.348
mp-844,67.434,33.75
mp-1025207,47.988,32.833
mp-866203,42.483,17.216
mp-2621,69.968,16.924
mp-867800,55.602,18.189
mp-10402,25.672,7.213
mp-864971,176.935,80.201
mp-604910,22.494,13.087
mp-864651,221.392,92.928
mp-810,108.123,50.253
mp-8864,202.474,100.91
mp-9958,154.628,105.974
mp-6474,127.395,78.056
mp-1609,275.177,107.47
mp-754084,24.57,10.449
mp-1023208,43.917,26.629
mp-3015,80.4,45.737
mp-42022,28.677,13.975999999999999
mp-865149,178.546,15.527
mp-1016882,192.236,22.11
mp-1068300,56.912,25.387
mp-1078233,3.07,18.317
mp-753315,155.464,99.01
mp-568320,65.708,31.924
mp-20937,319.679,168.003
mp-3618,110.477,75.98
mp-8001,142.701,96.813
mp-2991,35.463,22.715
mp-10247,225.315,98.863
mp-30582,105.976,17.253
mp-568718,106.136,83.347
mp-10274,46.623,21.304
mp-21157,108.787,61.869
mp-865809,210.128,97.116
mp-697179,119.121,24.169
mp-8615,249.352,141.476
mp-8280,45.089,33.213
mp-975050,9.437,0.168
mp-28897,236.227,73.014
mp-971682,142.078,72.85
mp-865669,228.921,85.424
mp-1025360,59.913,26.878
mp-2183,101.246,25.536
mp-30,151.394,49.843
mp-972337,216.082,92.111
mp-980064,52.673,25.653
mp-999259,284.565,160.065
mp-22792,83.667,19.831
mp-629458,373.876,411.93
mp-21449,233.807,118.544
mp-8799,22.388,12.314
mp-13007,88.559,62.104
mp-605663,160.22,52.169
mp-15637,35.559,19.802
mp-18337,214.318,185.759
mp-20311,21.309,13.304
mp-541937,32.329,17.426
mp-548,228.632,57.068
mp-5042,86.156,49.263
mp-4421,126.822,28.246
mp-7889,142.445,51.221
mp-23210,8.66,6.263
mp-774712,53.764,17.871
mp-23160,26.598,15.046
mp-11698,40.128,26.556
mp-30877,26.768,16.996
mp-2316,63.975,34.632
mp-1009820,122.138,84.771
mp-1120,282.393,107.926
mp-11478,65.386,7.734
mp-5350,41.892,29.034
mp-1357,149.168,97.011
mp-570538,23.382,3.498
mp-552992,67.393,34.704
mp-828,209.083,104.05
mp-867762,84.578,20.809
mp-7573,335.374,208.11
mp-11553,62.299,7.605
mp-3759,167.305,81.692
mp-1018024,205.404,88.054
mp-3795,68.824,30.263
mp-760376,52.449,24.293
mp-16751,71.734,46.03
mp-867149,29.052,22.989
mp-18712,76.484,25.948
mp-38725,19.433,11.009
mp-862759,55.055,26.176
mp-977428,68.224,42.706
mp-862912,80.514,6.17
mp-13156,114.117,45.823
mp-3709,131.45,70.892
mp-866191,42.316,33.395
mp-1143,231.003,128.563
mp-1190697,128.842,64.99
mp-973343,30.915,18.917
mp-7904,55.424,28.159
mp-23237,54.467,31.812
mp-1029702,161.671,77.978
mp-866003,3.096,1.721
mp-1025176,90.233,32.425
mp-865919,80.359,21.024
mp-5132,133.65,60.18
mp-676,46.695,23.676
mp-16250,127.616,51.748
mp-1606,176.852,63.241
mp-2696,63.271,36.044
mp-1014229,112.106,50.566
mp-27207,21.759,10.672
mp-17783,57.457,34.638
mp-4406,64.243,31.298
mp-31368,17.963,7.959
mp-989568,31.063,12.854
mp-551900,60.739,28.69
mp-1405,80.709,53.889
mp-22609,52.436,35.029
mp-2760,235.464,160.992
mp-863709,324.498,203.512
mp-982009,54.037,19.655
mp-862565,37.721,20.383
mp-866164,61.585,26.818
mp-961723,42.619,8.295
mp-13085,171.446,74.447
mp-1008631,143.581,40.65
mp-571271,169.621,75.074
mp-756063,62.925,17.347
mp-3136,176.561,100.088
mp-29208,34.698,22.208
mp-567538,66.135,29.254
mp-8868,1.319,2.319
mp-11690,185.303,131.667
mp-11243,85.251,16.141
mp-1563,53.572,38.383
mp-1013714,19.616,10.293
mp-28895,87.709,34.758
mp-2408760,93.317,19.434
mp-4574,57.297,36.824
mp-1025385,200.192,52.542
mp-22950,15.269,6.799
mp-112,41.717,27.122
mp-7876,43.231,32.923
mp-11233,108.913,70.301
mp-1022725,46.107,15.269
mp-5302,183.909,95.771
mp-675626,61.042,22.196
mp-999558,198.379,89.79
mp-983497,93.69,38.201
mp-982885,40.526,3.548
mp-865098,55.109,16.143
mp-1868,146.997,82.483
mp-862666,141.67,47.905
mp-865896,51.003,21.554
mp-1018728,77.657,40.426
mp-570219,5.717,3.834
mp-30360,74.075,18.548000000000002
mp-20627,66.775,50.449
mp-1009822,130.966,99.677
mp-1720,157.736,22.054
mp-9687,21.569,9.22
mp-862732,64.957,15.758
mp-30498,56.173,21.64
mp-22810,53.011,23.306
mp-2474,65.962,20.315
mp-628,110.323,23.228
mp-754322,104.977,56.612
mp-1459,337.979,235.294
mp-8994,21.645,9.05
mp-28835,16.739,10.994
mp-22319,243.159,182.299
mp-3671,101.993,59.156
mp-675880,45.399,19.187
mp-1418444,134.977,38.01
mp-8298,50.236,33.556
mp-7916,134.279,93.63
mp-7007,9.602,6.251
mp-623024,16.341,14.26
mp-10142,294.112,209.478
mp-1025565,71.744,29.665
mp-754752,186.14,61.596
mp-8435,19.314,11.412
mp-981375,55.161,32.213
mp-570749,39.227,13.664
mp-6333,98.189,51.456
mp-8936,5.698,5.736
mp-1120447,67.85,28.045
mp-4904,130.298,79.764
mp-1019054,348.768,194.625
mp-1008278,240.418,82.757
mp-570379,19.84,9.195
mp-864745,41.055,16.564
mp-998947,247.859,100.073
mp-12580,35.899,23.104
mp-2444,179.773,58.842
mp-16735,169.302,60.198
mp-1021423,48.731,21.953
mp-1901,32.685,8.992
mp-12055,45.263,26.186
mp-985282,83.095,17.741
mp-2455462,5.5120000000000005,0.512
mp-755287,109.381,63.525
mp-31038,5.622,5.1370000000000005
mp-10009,11.919,8.821
mp-1025154,42.627,11.277
mp-7131,58.128,35.887
mp-37657,95.423,52.632
mp-685148,137.137,54.669
mp-637255,87.487,48.891
mp-1008702,67.275,0.8130000000000001
mp-31326,6.144,347.437
mp-571041,204.223,50.0
mp-14827,81.654,63.726
mp-1425,198.812,72.775
mp-13982,68.712,27.986
mp-890,183.307,78.105
mp-937760,118.816,91.861
mp-8253,56.295,37.483
mp-20895,83.6,19.027
mp-971752,108.873,71.217
mp-858,83.144,60.864
mp-8093,14.827,9.934
mp-2768,24.595,14.75
mp-19906,128.163,59.224
mp-1216493,293.232,229.65
mp-147,4.152,4.031
mp-1022804,31.352,16.441
mp-23803,132.704,86.963
mp-11456,230.018,105.973
mp-867346,72.453,16.677
mp-1029422,138.984,52.641
mp-1002117,335.61,116.329
mp-29862,5.015,1.482
mp-22220,146.049,71.956
mp-21000,115.114,63.746
mp-4691,47.972,14.143
mp-1221519,353.135,222.816
mp-1217958,245.291,179.007
mp-643,188.295,91.197
mp-4488,84.292,42.202
mp-12605,222.923,120.031
mp-8279,50.707,32.604
mp-30206,12.446,5.747
mp-1025173,104.193,65.901
mp-37091,23.229,14.651
mp-30725,62.527,27.952
mp-30068,5.029,3.178
mp-5475,136.044,88.887
mp-9479,18.423,10.156
mp-644607,4.674,2.184
mp-978264,151.681,34.379
mp-569662,19.078,10.885
mp-2192,259.986,51.85
mp-27579,45.175,24.379
mp-979074,158.954,14.701
mp-570771,39.487,29.927
mp-865678,195.509,76.292
mp-10675,162.649,40.864
mp-861,140.732,19.409
mp-865155,155.745,85.611
mp-11520,88.707,55.328
mp-981384,258.846,85.493
mp-23261,17.477,14.793
mp-28024,126.394,50.1
mp-30878,52.636,14.522
mp-867123,267.946,94.516
mp-603347,145.461,61.591
mp-1913,177.756,75.459
mp-10744,161.294,15.067
mp-1017511,284.19,37.134
mp-1013719,19.129,9.944
mp-570008,43.271,36.36
mp-507,202.978,59.025
mp-2698,84.831,20.657
mp-2057,167.701,152.964
mp-9503,36.445,14.922
mp-29584,16.006,8.037
mp-5967,141.018,74.37
mp-867313,103.456,37.47
mp-22465,114.714,75.75
