mp_id,bulk_modulus,shear_modulus,model
mp-1001788,203.6929053758261,125.58023586825443,MatterSim
mp-1002069,21.93008859201318,11.788170916345157,MatterSim
mp-10021,46.83265905339891,8.09004065162151,MatterSim
mp-1002207,429.97495052960124,40.49626081464871,MatterSim
mp-1004526,210.18657578240573,107.04998620501796,MatterSim
mp-1007693,294.87465235122033,88.80204292628832,MatterSim
mp-1007824,49.667114646884315,31.91342885666213,MatterSim
mp-1007855,195.4763575600098,89.29307184844279,MatterSim
mp-1008530,208.16893928881396,110.24772099001667,MatterSim
mp-1008617,48.45810777092045,12.715205543171948,MatterSim
mp-1008688,77.09741770034039,14.650454575753034,MatterSim
mp-1008872,123.53650532930135,67.60692977934266,MatterSim
mp-1009485,277.88037689161246,185.17406043141355,MatterSim
mp-1009756,28.683435768821827,14.197923650845494,MatterSim
mp-1009792,252.55956671709487,74.59979453207791,MatterSim
mp-1009823,156.47006747460213,-8.731312019952531,MatterSim
mp-10115,252.13005566988187,103.62576123755672,MatterSim
mp-10134,148.57022715536286,44.92202332025884,MatterSim
mp-1013548,60.7905395500797,43.447151550617164,MatterSim
mp-1013549,34.38678689847717,20.34497188415666,MatterSim
mp-1013555,42.79751868495056,30.754742569778347,MatterSim
mp-1013588,29.295310779863417,18.56406653379757,MatterSim
mp-1013710,95.84934416715667,13.41425508365047,MatterSim
mp-10139,75.66736479298876,56.66942334259954,MatterSim
mp-10140,80.3612968003362,54.8722909660933,MatterSim
mp-1014257,163.07954618795432,87.69530636170607,MatterSim
mp-1014264,267.85571989211,83.64344482646027,MatterSim
mp-10149,44.968139515336,17.453031788111687,MatterSim
mp-1016840,199.94273070818986,47.17358236650798,MatterSim
mp-1016841,163.22851962523268,39.507600787884385,MatterSim
mp-1016872,188.33619356421903,43.577880742567714,MatterSim
mp-1016902,148.2694071581714,42.19821246520222,MatterSim
mp-1016928,230.74492293847248,128.91309508446727,MatterSim
mp-1017531,245.99914577533366,117.54663549791559,MatterSim
mp-1017533,145.7470345325374,81.30711233309265,MatterSim
mp-1017543,168.5606113563975,83.98822801478244,MatterSim
mp-1018048,147.75185019820887,78.37642786970301,MatterSim
mp-1018054,227.94953696673082,121.32180465266329,MatterSim
mp-1018104,84.08771798154699,26.835067828572644,MatterSim
mp-1018140,110.32997036360862,41.7387719631616,MatterSim
mp-1018154,105.96377460351844,23.958858260697898,MatterSim
mp-10186,93.38821932344726,56.90301063651328,MatterSim
mp-1018629,158.79678788044413,45.573649307247166,MatterSim
mp-1018649,395.77401022750905,353.1031668420585,MatterSim
mp-1018657,56.37792914385137,24.750951626550833,MatterSim
mp-1018699,48.44474241202896,29.448862846911656,MatterSim
mp-1018849,354.7417739702307,109.50636584048335,MatterSim
mp-1019097,168.06850125225353,96.5470720944813,MatterSim
mp-1019262,243.4134234653488,96.5916197475224,MatterSim
mp-1019266,63.46502285215091,25.59877561373144,MatterSim
mp-1019272,286.82020902736525,156.3127193595971,MatterSim
mp-1019279,33.81787203416297,20.149259856757126,MatterSim
mp-1019280,28.661643222473682,16.42495701330143,MatterSim
mp-1019359,84.16437174217806,41.58970383924051,MatterSim
mp-10197,195.86209951356201,13.643535149611905,MatterSim
mp-1019740,301.28567254131735,235.11167650179442,MatterSim
mp-1021431,11.750108966722358,5.988347171769671,MatterSim
mp-1021489,195.2280407263893,94.61268190089588,MatterSim
mp-1021499,81.92518650306417,33.572883104980335,MatterSim
mp-1021848,32.295509847687725,13.157156801305428,MatterSim
mp-1023161,48.65620392440118,24.403721552027644,MatterSim
mp-1025010,127.09110592462974,114.81646453897876,MatterSim
mp-1025045,139.4130185225392,56.324263982084084,MatterSim
mp-1025067,183.33004964939087,102.20295375615892,MatterSim
mp-1025123,225.59804937708483,108.38817978462349,MatterSim
mp-1025161,156.8476373747209,54.50436684059681,MatterSim
mp-1025205,169.57804306732714,85.73603929125996,MatterSim
mp-1025212,188.9428513164247,55.0774503224886,MatterSim
mp-1025223,119.9737896915221,73.31652724369752,MatterSim
mp-1025262,137.55695537614426,83.76141750574357,MatterSim
mp-1025291,114.25365325641862,62.91767593996454,MatterSim
mp-1025322,99.27607697152871,52.74207673431752,MatterSim
mp-1025324,204.90073276953763,63.26593247675129,MatterSim
mp-1025339,142.60317823699629,92.03607961253097,MatterSim
mp-1025350,118.44810793774434,48.32079485874196,MatterSim
mp-1025421,94.28777771402011,31.673358503217866,MatterSim
mp-1025455,148.48842594244755,58.003134013454186,MatterSim
mp-1025504,103.59762427266935,48.53105303608245,MatterSim
mp-1029251,179.9492554514206,82.98123249487037,MatterSim
mp-1029374,148.19234745302325,91.106234048644,MatterSim
mp-1029446,138.77395222774652,87.48475277499992,MatterSim
mp-1029660,98.05278104692316,58.13099559745382,MatterSim
mp-1029726,114.09739768921186,68.51637335890211,MatterSim
mp-10314,65.12046120945618,32.878516650464704,MatterSim
mp-1032,259.6762450156697,156.1474598949063,MatterSim
mp-10326,142.16307214695127,64.73188465207461,MatterSim
mp-1039123,14.704324084255664,3.0976140562423367,MatterSim
mp-104,57.81376776514972,30.938626682004617,MatterSim
mp-10435,80.77862993530562,38.24642636135557,MatterSim
mp-10457,172.02997562129383,84.95225532569064,MatterSim
mp-1046056,74.95005378516589,39.27092857458808,MatterSim
mp-10470,225.73187880039768,106.58145054985597,MatterSim
mp-10523,175.24074959560366,87.51802732152944,MatterSim
mp-1056,143.39685208133403,79.97545993969293,MatterSim
mp-1058151,252.09096338528292,4.977797948420931,MatterSim
mp-10600,63.61781126656675,33.923206779263396,MatterSim
mp-10611,62.405979276307285,36.80902960133,MatterSim
mp-10622,72.66357118485317,43.83341870273876,MatterSim
mp-10623,119.35161872101794,48.94191762899745,MatterSim
mp-1064272,22.122284058908846,11.79748275639696,MatterSim
mp-10651,57.38060766028448,38.244238124252675,MatterSim
mp-10654,79.33254778440029,18.709574139773196,MatterSim
mp-10659,43.08788058703857,23.335336262788765,MatterSim
mp-10686,38.789752353701836,16.516499634291407,MatterSim
mp-1069604,110.87814732024495,50.594204431683494,MatterSim
mp-10739,221.93972705095453,113.9158050650149,MatterSim
mp-10740,93.68724811309308,22.461945986331088,MatterSim
mp-10759,57.00500721079496,32.17829735528948,MatterSim
mp-1077353,85.03019641991716,-239.891157144105,MatterSim
mp-1077723,92.80812830384261,19.348952046989883,MatterSim
mp-1078,38.642022829190964,18.12220692351613,MatterSim
mp-10785,45.04625549519618,25.769724319715785,MatterSim
mp-1078526,132.21717259285984,44.18370519512992,MatterSim
mp-1085,245.25585125660706,43.31991718725089,MatterSim
mp-10861,5.474665460167,-0.9905071535884563,MatterSim
mp-10878,101.08687239746122,72.99660129943334,MatterSim
mp-1089,300.0106598376365,185.83275040527528,MatterSim
mp-10890,60.097868392722134,33.09541703507985,MatterSim
mp-10897,113.36356578205954,65.25654470321426,MatterSim
mp-1090,60.239697060711094,32.96186192782525,MatterSim
mp-10953,73.07548060080039,40.19199746546736,MatterSim
mp-1095591,81.15917109573479,40.95608581816627,MatterSim
mp-1099,152.2866255000519,71.24547408927656,MatterSim
mp-10991,92.36980981319925,50.23007770595767,MatterSim
mp-1104008,62.842801959774526,25.32090980003055,MatterSim
mp-1105839,211.76476063663412,124.98557069492725,MatterSim
mp-11169,131.84975062246934,61.34855329345045,MatterSim
mp-11181,73.10680876821661,41.38514298451257,MatterSim
mp-11201,83.35306146165175,46.3634444401896,MatterSim
mp-11288,31.520336415178114,14.064631421195369,MatterSim
mp-1129,171.49601492120223,83.20786373911358,MatterSim
mp-11293,116.54612175484363,42.61442788609632,MatterSim
mp-11382,107.06987016690984,66.261953293358,MatterSim
mp-11418,65.9115877305648,37.80999228008368,MatterSim
mp-11430,62.88448681165343,35.32088008785525,MatterSim
mp-11465,42.59423116892974,18.71073468960765,MatterSim
mp-11466,22.308960332922087,8.497933185755926,MatterSim
mp-11504,86.58266539587551,46.37238976116258,MatterSim
mp-11506,246.44919798383785,109.31340909350314,MatterSim
mp-11516,237.9593830154409,16.416843488522414,MatterSim
mp-11523,166.76303955027788,20.17521141214877,MatterSim
mp-11547,83.13936886875861,33.11196950059485,MatterSim
mp-11549,183.698908281635,81.31140992972574,MatterSim
mp-11564,118.70066752008314,49.15095979351723,MatterSim
mp-11576,32.27838058347941,16.886380234097548,MatterSim
mp-1164,146.55574602902516,68.60154748966424,MatterSim
mp-11736,250.12799887584322,144.06232923679767,MatterSim
mp-11755,66.6205445948282,37.89499072705368,MatterSim
mp-1180046,39.3971022970398,18.76181167982799,MatterSim
mp-11806,87.13001885079338,34.42514429200962,MatterSim
mp-11807,110.46851255292762,50.24242395993651,MatterSim
mp-1189355,123.9924195907703,75.25460355628046,MatterSim
mp-1189451,319.5044355656071,290.8730220654608,MatterSim
mp-1190680,35.28043958664091,28.226454400362243,MatterSim
mp-1190751,58.75217683601167,37.766171696199116,MatterSim
mp-1190841,132.35242887266375,57.866120838634785,MatterSim
mp-1190963,149.69366015017775,85.86934376841462,MatterSim
mp-11919,104.2463510310427,81.50428945300204,MatterSim
mp-11957,84.01822044826501,37.31628365644581,MatterSim
mp-1196116,230.4834154578162,183.74782817295153,MatterSim
mp-1205309,59.21918793344283,40.70284123144895,MatterSim
mp-12107,237.32067226282894,111.47470708335356,MatterSim
mp-12120,300.4912583111708,135.70350647640475,MatterSim
mp-1215198,222.93743818915885,187.46396339253684,MatterSim
mp-1215209,275.94120406177836,214.6898415862318,MatterSim
mp-1216295,366.4263779208202,158.8173090821845,MatterSim
mp-1217818,290.5475790952351,223.91346373073716,MatterSim
mp-1219,38.57768221046777,21.703113104615472,MatterSim
mp-1219553,32.21172078854409,24.000030626184188,MatterSim
mp-1223677,354.66949934916073,183.92776099907655,MatterSim
mp-1223860,332.96324549924526,179.87352451515397,MatterSim
mp-1224263,246.69910350821453,217.17169573785097,MatterSim
mp-1226242,300.9457067008132,198.37422376985313,MatterSim
mp-1235,230.70878227749952,84.71133277934128,MatterSim
mp-12385,147.62763395892955,85.22580529962283,MatterSim
mp-12403,78.29364197353917,48.819024445862944,MatterSim
mp-12480,159.63017522916158,72.37896335004247,MatterSim
mp-12524,164.89932037780798,73.17496827350709,MatterSim
mp-12532,46.044984248320766,20.440050922940944,MatterSim
mp-12557,57.675955666349815,34.930690303840834,MatterSim
mp-12648,126.728572233231,130.74753038085132,MatterSim
mp-12734,107.49212620727278,52.25651396420567,MatterSim
mp-12736,202.47562014680764,91.09021543226632,MatterSim
mp-12737,203.16724449320236,90.93623580798241,MatterSim
mp-1274,156.82406730980586,48.712327028114736,MatterSim
mp-12750,63.86294456465567,26.086766337056446,MatterSim
mp-1280,69.99677447197934,20.602874670222587,MatterSim
mp-12806,56.671764622946796,23.225864264145375,MatterSim
mp-1281,274.5088157152069,129.2833348729896,MatterSim
mp-129,265.6277644523072,76.54957558627252,MatterSim
mp-12906,84.22849925404347,49.42998382175036,MatterSim
mp-12923,105.61726286785284,47.03485578440858,MatterSim
mp-12927,97.27079770773874,72.2334308439028,MatterSim
mp-12953,54.883732561442855,19.66555357445862,MatterSim
mp-12962,118.51844814282687,60.145383458056045,MatterSim
mp-13051,38.78788282246875,22.394954480745884,MatterSim
mp-13061,152.33618773416595,83.89206496540268,MatterSim
mp-13082,224.19634098939233,114.74672636411037,MatterSim
mp-13150,104.61910795002518,70.39939672210217,MatterSim
mp-13181,123.19146641727151,11.662064394100712,MatterSim
mp-132,17.17873416320979,11.09264388497638,MatterSim
mp-13240,110.02621370980388,44.54369128522448,MatterSim
mp-13270,48.856893227245365,22.676367910418413,MatterSim
mp-1330,252.42060175501658,185.67942421838555,MatterSim
mp-13363,224.38227639088748,67.72947282730237,MatterSim
mp-1340758,168.25343150824875,82.03434639227525,MatterSim
mp-13525,110.37994527589831,42.127578539337456,MatterSim
mp-1359,252.25637703715282,98.52788030253994,MatterSim
mp-1368,109.19420987239192,40.036499246048294,MatterSim
mp-137,57.762596323123645,31.908390298312295,MatterSim
mp-1371,71.23487303716217,27.43312166004815,MatterSim
mp-13798,47.329293129960156,20.87869208594188,MatterSim
mp-13852,182.85755876137162,124.39582350689663,MatterSim
mp-1386610,133.6554794090494,78.10338387054679,MatterSim
mp-13914,150.859557550878,75.30993603973167,MatterSim
mp-13944,123.94769362642845,99.28830684075974,MatterSim
mp-1413688,76.72860699627867,34.07728646312547,MatterSim
mp-1427,161.01660902163323,94.45964957339737,MatterSim
mp-14791,55.18291134407137,29.978277241410353,MatterSim
mp-1497,284.4620921503592,140.33035948602975,MatterSim
mp-1500,43.975468791002065,22.013021840796945,MatterSim
mp-15226,284.54919351096214,143.1874524535791,MatterSim
mp-1534,96.2624093310747,35.54207118654133,MatterSim
mp-1546,41.55315325271315,19.037369413488936,MatterSim
mp-1547,132.35335001436195,59.423792674051626,MatterSim
mp-15617,307.9355279984956,188.7772095713762,MatterSim
mp-15624,25.892894556634584,15.880907680088198,MatterSim
mp-1565,230.9236188648049,111.97308436354128,MatterSim
mp-15679,164.9368448610648,74.80819330126619,MatterSim
mp-1569,197.9882840820211,177.46551330152855,MatterSim
mp-15697,27.24374775514118,17.879841537740486,MatterSim
mp-15779,131.24625938361606,74.83636448358368,MatterSim
mp-15781,47.5994637409809,24.07850219387079,MatterSim
mp-15819,132.58964788082545,81.75944127667438,MatterSim
mp-1594,174.23387894504197,54.76547130541898,MatterSim
mp-1595,191.43383834654597,89.27372469555314,MatterSim
mp-1597,202.73102231678985,78.50217450966176,MatterSim
mp-16045,162.51330672367882,69.33036206312251,MatterSim
mp-16271,36.129224646717276,9.898352386100774,MatterSim
mp-16290,197.35960480524935,70.93307958522973,MatterSim
mp-16314,103.27623151152868,53.334575166674234,MatterSim
mp-16343,39.355349888074684,23.460667973012388,MatterSim
mp-1638,47.64153587073096,32.55060322871027,MatterSim
mp-1639,374.97596723192896,341.9363474600315,MatterSim
mp-16488,116.44979653557427,59.72558853396138,MatterSim
mp-16755,71.18325315519044,39.18219737448395,MatterSim
mp-16828,165.31054309230652,112.33710854259014,MatterSim
mp-16886,92.43596287675739,16.19077993065675,MatterSim
mp-169,118.70860122035006,57.7489025824582,MatterSim
mp-16919,99.39857023166084,47.946280370413696,MatterSim
mp-1716,248.87245047701282,129.31106013137412,MatterSim
mp-17332,71.55271127587773,43.771728322489714,MatterSim
mp-1743,184.37700645654158,77.14281545418986,MatterSim
mp-1778,210.06775858134705,151.26279475991853,MatterSim
mp-1779,42.69078299629858,22.77775476973596,MatterSim
mp-1793,100.83419022301977,58.06879748558504,MatterSim
mp-1820,61.10773458362516,40.58643657381824,MatterSim
mp-1821,112.09491865951081,80.04136773979572,MatterSim
mp-1878,126.13012352378401,136.44689274422848,MatterSim
mp-1910,150.50196833566085,62.98493620419935,MatterSim
mp-1918,190.80618860621354,72.46953446383486,MatterSim
mp-19747,86.37633057886892,31.06172113833482,MatterSim
mp-19782,73.96861811413639,31.400559399778,MatterSim
mp-19857,101.00289752086559,61.11953941420537,MatterSim
mp-19934,79.60278117408669,33.98205432918426,MatterSim
mp-19940,164.7019831315788,95.49985325115799,MatterSim
mp-19991,53.48685042044453,22.922557359031234,MatterSim
mp-20049,120.39942475312144,80.16029000040902,MatterSim
mp-20125,86.16260543310172,46.17282588247109,MatterSim
mp-20136,27.562236214124727,13.792873180813707,MatterSim
mp-20206,72.95390593066728,28.57030802745744,MatterSim
mp-2025,132.1466558107407,118.33811556766682,MatterSim
mp-20257,92.47535827451217,32.14461519746472,MatterSim
mp-2025704,43.442727027357805,21.35066783344529,MatterSim
mp-20261,51.48281580291411,24.030470955921402,MatterSim
mp-20268,153.2757882264751,77.09116329114792,MatterSim
mp-2030,165.3536102788095,125.12270091110368,MatterSim
mp-20337,148.0131711565368,69.94760716753409,MatterSim
mp-20340,106.3939033719719,65.1970044352013,MatterSim
mp-20395,172.20340374329442,78.61053512606544,MatterSim
mp-20457,71.78282551410588,28.92497718614728,MatterSim
mp-20487,33.307934101998114,1.078977162239987,MatterSim
mp-2052,88.62323295064793,50.07823191688093,MatterSim
mp-20541,199.75158117326944,120.63185502742871,MatterSim
mp-20554,43.889350288667515,19.701780847078656,MatterSim
mp-2056,124.26282876931481,53.061056411881665,MatterSim
mp-20563,87.94721740458306,42.78347747625369,MatterSim
mp-2065,66.61266287216023,38.71340079953681,MatterSim
mp-20674,121.84198439544257,64.60722529531415,MatterSim
mp-20695,91.30550057030305,31.88745747548297,MatterSim
mp-20698,102.49190251671332,58.23541057853131,MatterSim
mp-2090,174.78996520819211,106.83306889135464,MatterSim
mp-20913,97.08697926215237,63.85207451164328,MatterSim
mp-2098,196.87349944116946,46.46023756600946,MatterSim
mp-20994,268.3166325746431,132.77986961033596,MatterSim
mp-21023,177.93924543771118,123.4016544948482,MatterSim
mp-2105,136.87588206665325,93.15598414991173,MatterSim
mp-2114,160.28527418065636,116.59567175647092,MatterSim
mp-21167,200.86428090846658,66.4513663267309,MatterSim
mp-21237,162.50307271117796,80.84392299893867,MatterSim
mp-21253,22.68982891673256,9.939145973496013,MatterSim
mp-21260,102.57071190763445,51.85043906519728,MatterSim
mp-213,52.70423457217638,23.624005387940453,MatterSim
mp-2131,76.37419350608953,49.300907006824005,MatterSim
mp-21347,307.0023165995849,150.45032622228,MatterSim
mp-21382,78.64283770931348,51.57669517713122,MatterSim
mp-21422,139.50775332013458,73.30825170454425,MatterSim
mp-21433,90.28356236258988,46.65516412020584,MatterSim
mp-21440,169.45113164194274,116.42851072329987,MatterSim
mp-21469,176.6824472265256,44.339105228171356,MatterSim
mp-21495,233.67644930006279,139.30101045440918,MatterSim
mp-21847,20.023052343312386,16.776640633036774,MatterSim
mp-21873,109.94638145846542,63.165921304418504,MatterSim
mp-21879,145.84491237773895,69.28670760624252,MatterSim
mp-21894,76.89248393004087,34.99322364213464,MatterSim
mp-21910,29.862101189907506,11.7393953308745,MatterSim
mp-2210,120.40117241550438,31.27519178541086,MatterSim
mp-2214,47.632112093115964,23.974595097385787,MatterSim
mp-22144,203.7936948489667,101.92621245004248,MatterSim
mp-2215,71.40556139291681,25.489575627691313,MatterSim
mp-22152,49.456926910609354,37.50390109131584,MatterSim
mp-22240,84.53125701100338,80.02823313603822,MatterSim
mp-22255,31.338103160413077,16.166985091487323,MatterSim
mp-2226,89.81146639697819,32.06119433366995,MatterSim
mp-22260,87.49964898469429,62.51157936461144,MatterSim
mp-22396,198.67043718691923,85.89462815914278,MatterSim
mp-22440,162.8603590103047,85.85933489131018,MatterSim
mp-22631,269.15797773506876,102.23658393596858,MatterSim
mp-2264,81.67991378762767,39.75490122129198,MatterSim
mp-22687,37.16808627677534,15.411254360929895,MatterSim
mp-22717,63.42633515567049,27.63146612025251,MatterSim
mp-22739,53.188420251226084,44.919674820910146,MatterSim
mp-2280,78.95501621391521,24.55840184993949,MatterSim
mp-22864,89.18893730841997,34.60653443000718,MatterSim
mp-22877,40.70561428426992,23.00447781663423,MatterSim
mp-22914,43.73407385719517,14.538438023603884,MatterSim
mp-22924,27.11740829421167,12.862281501498867,MatterSim
mp-22958,57.903308517968405,36.790438026229396,MatterSim
mp-22962,22.879754131456483,14.008318507852321,MatterSim
mp-22967,33.599761105695706,15.753032611709033,MatterSim
mp-22971,46.45017661595607,25.64263210802832,MatterSim
mp-22972,53.69967907444532,27.693651322431055,MatterSim
mp-23002,88.57978642748718,36.668862553750095,MatterSim
mp-23029,16.949274760530486,8.512114980891694,MatterSim
mp-23037,22.5007878678141,9.617051735600125,MatterSim
mp-23084,77.73920151315333,36.62757297138845,MatterSim
mp-23085,58.112949424128566,28.522841485157144,MatterSim
mp-23087,194.09910012995053,135.09679154927218,MatterSim
mp-23153,11.391518733467468,4.345969471930267,MatterSim
mp-23197,16.208692086073885,2.956629886278254,MatterSim
mp-23229,46.37090708185162,18.030256877249336,MatterSim
mp-23281,23.118339961328413,9.949044777967849,MatterSim
mp-23282,30.53365829970637,17.733636204625483,MatterSim
mp-2330,116.92862704864659,62.472407555932726,MatterSim
mp-23302,9.467293493060485,5.072450439690548,MatterSim
mp-23339,78.57577992281253,48.685166883610535,MatterSim
mp-23406,30.06824404801976,18.13659698644768,MatterSim
mp-23499,28.174977879094605,14.792169152206341,MatterSim
mp-2349989,166.75745708865352,71.91311282514889,MatterSim
mp-2354,113.0926621496325,57.91903581090699,MatterSim
mp-2360,51.902543113535565,29.837102268001832,MatterSim
mp-23684,62.739807330334386,40.61289245682274,MatterSim
mp-2369,101.62323557985079,36.33107238413274,MatterSim
mp-23764,143.8949785320375,96.04851497151473,MatterSim
mp-24092,146.52762821937765,63.68102975713536,MatterSim
mp-24152,88.46802710374993,61.636455949781094,MatterSim
mp-24202,95.45600520767672,61.23030357523942,MatterSim
mp-2420227,77.61855901409213,51.545628324949924,MatterSim
mp-24390,145.45192817409747,98.98115507945383,MatterSim
mp-246,107.06043126183334,43.22249118169626,MatterSim
mp-24659,113.26640816035166,38.164222645903806,MatterSim
mp-2466,103.951999719164,39.16747863560148,MatterSim
mp-2468835,151.7355961478306,125.55653913110608,MatterSim
mp-24834,116.37603133891255,82.34975939333346,MatterSim
mp-2489,189.7370241830962,56.33632534983372,MatterSim
mp-2506699,77.8631042513167,51.596327651545735,MatterSim
mp-2507,55.76706489840215,37.1330564501516,MatterSim
mp-2536,259.0927490663349,110.84120235179401,MatterSim
mp-2540,253.68858003403142,117.74203618292287,MatterSim
mp-2542,208.9216554606168,161.54657400207952,MatterSim
mp-2580,266.3415978905183,188.3589528462854,MatterSim
mp-2598,142.706999699405,69.09532250529415,MatterSim
mp-2614,107.63109490379682,62.77371569836823,MatterSim
mp-2634,316.5616851703342,217.2233396461174,MatterSim
mp-2639,25.75063169418778,15.318809746574237,MatterSim
mp-2646,45.84205441118925,23.099518431435595,MatterSim
mp-2661,48.05028750916814,32.8403265893642,MatterSim
mp-2667,9.73259569479109,5.116658554879829,MatterSim
mp-2676,153.65816553149537,100.25629185605622,MatterSim
mp-2695851,82.83743125203323,27.80975181001438,MatterSim
mp-2713,136.70506089870025,61.941956914048745,MatterSim
mp-27194,23.28862002725792,12.646677156442438,MatterSim
mp-27418,63.66193869037133,34.76342254962963,MatterSim
mp-27421,66.99667293096344,32.41622964688723,MatterSim
mp-27438,39.411771844323134,18.563675184177175,MatterSim
mp-27455,36.87252555137734,16.49338114676615,MatterSim
mp-2758,44.128223398727066,22.660096419644777,MatterSim
mp-27679,33.70776906551247,16.44278227800072,MatterSim
mp-2776,65.34112167913074,24.55109436758384,MatterSim
mp-27762,91.7143374865774,47.08287252419439,MatterSim
mp-2781,113.25574974033398,34.690803105848104,MatterSim
mp-2784,17.770425330155312,8.829892718696014,MatterSim
mp-27861,243.38987746872044,113.55718191734067,MatterSim
mp-27882,25.12513181474562,15.021872495975886,MatterSim
mp-27989,26.063724978891916,15.778472980158037,MatterSim
mp-28,36.211396161575614,27.054826115721383,MatterSim
mp-2800,146.9562446831155,81.85084339041616,MatterSim
mp-2816,45.09066360219629,18.581180481422404,MatterSim
mp-28174,31.458560380261268,17.25958078361645,MatterSim
mp-2819,39.96164598926388,8.13798749532333,MatterSim
mp-28497,24.308179267185054,12.363662578687443,MatterSim
mp-2851,104.76722984402626,55.59079960094876,MatterSim
mp-28929,39.649334044244675,19.646238831112374,MatterSim
mp-28938,67.08065150991497,38.84127065047055,MatterSim
mp-29025,32.38344410813198,23.099226588700166,MatterSim
mp-2909,94.12262868347784,42.878328186877056,MatterSim
mp-29136,75.15016789700978,39.258403192807506,MatterSim
mp-29151,39.04156337900662,29.04007778641356,MatterSim
mp-29153,163.72683102336933,80.88158642462727,MatterSim
mp-2917,120.12250146181333,65.02456718653661,MatterSim
mp-2929431,8.172311330834551,5.292493309976898,MatterSim
mp-2931,165.07681573292282,106.47402084429079,MatterSim
mp-2949,102.27310250074542,48.04656266081942,MatterSim
mp-2959,45.375160367869576,19.31421822787718,MatterSim
mp-2960,151.0910518696892,65.63569617324977,MatterSim
mp-29656,49.11505649590635,23.328754332351135,MatterSim
mp-29661,188.74311933987886,70.39227971599479,MatterSim
mp-29736,80.4950343207234,49.44596748115584,MatterSim
mp-29752,203.92316353424553,64.13430891100217,MatterSim
mp-29873,22.063242768344487,9.623039495368305,MatterSim
mp-2988,81.96071541673693,34.10514006985952,MatterSim
mp-3006,59.01884548421591,34.72684593609324,MatterSim
mp-30062,25.52076130345362,14.392313455696145,MatterSim
mp-3011,157.60131933941713,70.16524145967708,MatterSim
mp-3018,123.32678448757025,79.24606933798756,MatterSim
mp-30343,74.36422746893481,20.544041671203885,MatterSim
mp-30344,42.35997984012311,14.852207394695473,MatterSim
mp-30406,44.715447590712444,8.516174429655267,MatterSim
mp-30423,142.36346940817063,24.158104909642883,MatterSim
mp-30434,25.177129738050073,10.923659692047377,MatterSim
mp-30455,88.70912527223837,44.19867542365049,MatterSim
mp-30483,34.44095806347268,15.902347186565,MatterSim
mp-30494,61.27293608025301,24.441701649180633,MatterSim
mp-3050,190.20471484221915,121.66315041755382,MatterSim
mp-30500,92.88347767300732,36.568459876888625,MatterSim
mp-30507,243.25573607938762,85.28922734558024,MatterSim
mp-30578,102.68882132377489,45.829668526714805,MatterSim
mp-30595,171.4010023009689,54.9816740175129,MatterSim
mp-30613,65.33030685273356,26.456214000104765,MatterSim
mp-30650,45.236853352008005,19.977499942712864,MatterSim
mp-30717,10.232236682474367,6.0708959366538515,MatterSim
mp-30779,40.2383049673203,19.446225934900923,MatterSim
mp-3078,55.66632966183331,27.0130266195338,MatterSim
mp-30805,58.36510252922685,27.37386660360584,MatterSim
mp-30819,120.9985860327261,45.233793122310985,MatterSim
mp-30820,77.69409486010737,38.543683959721676,MatterSim
mp-30834,57.865748948122096,24.74722234285267,MatterSim
mp-30835,201.03811488294735,70.9683188199672,MatterSim
mp-30866,284.47688842781906,153.11962279293988,MatterSim
mp-30867,144.51240060518649,45.06445105470041,MatterSim
mp-30882,103.71130074255056,59.959922301811154,MatterSim
mp-309,69.16710837276833,28.056955370788035,MatterSim
mp-30921,61.08768681016739,28.830303978162554,MatterSim
mp-31072,83.82946702132082,39.31689511358849,MatterSim
mp-31160,45.997585995200666,30.496121023839958,MatterSim
mp-31330,88.18054054019659,31.702435619477104,MatterSim
mp-31442,68.295348188289,26.53202733406706,MatterSim
mp-31459,159.0351449291974,59.507766782652936,MatterSim
mp-315,65.5319488652226,26.490377344754275,MatterSim
mp-3161,64.51763907089874,39.10794415663191,MatterSim
mp-3166,205.8441630005558,101.76899063151957,MatterSim
mp-3194,87.58116043790773,54.43807672747126,MatterSim
mp-3301,138.40070947667303,62.86332251221065,MatterSim
mp-3307,103.41642692920288,61.734284886683696,MatterSim
mp-3370,170.44099837874398,99.73463191724407,MatterSim
mp-3376,118.13872733915782,69.34169802400109,MatterSim
mp-3378,168.5420657625378,100.64650799875736,MatterSim
mp-3384,194.6303298916265,125.26722250113005,MatterSim
mp-3400,147.96645359762326,87.13545080018585,MatterSim
mp-3405,176.67127793481222,121.51719090715665,MatterSim
mp-3411,101.47665898732119,50.45990719414706,MatterSim
mp-3416,74.40709553242053,46.28149969059191,MatterSim
mp-34169,50.11722521721709,23.496542475301336,MatterSim
mp-3470,178.69700338634965,125.70325121462074,MatterSim
mp-3497,59.12970939656418,29.19334654658712,MatterSim
mp-3498,148.0884010658525,42.890940232760414,MatterSim
mp-3501,118.80675862938007,77.2840126024543,MatterSim
mp-3534,47.86972464766668,23.903849277220775,MatterSim
mp-3536,190.88496722431293,131.00049058603932,MatterSim
mp-3556,135.33614219867331,76.61719075660702,MatterSim
mp-35717,57.53951003820182,31.111628756813186,MatterSim
mp-3581,127.38566931376167,80.97047766926134,MatterSim
mp-3582,149.11058567596947,117.91085130774833,MatterSim
mp-3584,181.32746906174836,115.3582349674085,MatterSim
mp-36086,167.09945692812755,108.91003417990541,MatterSim
mp-364,198.07975565500004,88.7203492151214,MatterSim
mp-370,78.337653148827,26.9708244012788,MatterSim
mp-3707,160.16819348306024,103.80267925407041,MatterSim
mp-3771,189.3360266778729,109.63517895867605,MatterSim
mp-37906,100.52685290354877,79.09677038875108,MatterSim
mp-3881,74.11320788315713,32.354339263799936,MatterSim
mp-3909,161.23454011170503,83.41779063499996,MatterSim
mp-3960,172.96748683475488,73.07202500011152,MatterSim
mp-39681,168.2213181492843,88.6727412157494,MatterSim
mp-4022,163.16894473798084,97.86579921356639,MatterSim
mp-4026,63.887123416550736,36.32571149894493,MatterSim
mp-4051,144.94141987928242,90.05658585901196,MatterSim
mp-4071,187.9374376022817,130.53572713990738,MatterSim
mp-408,50.05923715493687,28.241871568675123,MatterSim
mp-4091,274.59374286390204,138.98211234437983,MatterSim
mp-4175,64.94072711061145,33.63167184731887,MatterSim
mp-425,141.20220091896334,116.71842459031063,MatterSim
mp-4275,133.9570519548019,61.53119970912545,MatterSim
mp-428,39.502473928118356,19.59283064639257,MatterSim
mp-4283,123.16502114467649,55.56596262575746,MatterSim
mp-4300,136.38029628111423,68.03935803280292,MatterSim
mp-4322,167.82111805980932,96.63843979687884,MatterSim
mp-4354,60.5930814482458,18.324485592132085,MatterSim
mp-437,84.53844509360385,23.51016452029397,MatterSim
mp-438,77.31601941050539,42.63124753665435,MatterSim
mp-4458,147.10209993266923,80.92974091223216,MatterSim
mp-4652,152.60801613959202,49.19159282166009,MatterSim
mp-4692,137.17522338813396,76.68861970466327,MatterSim
mp-4697,77.41791237624939,45.27410477639141,MatterSim
mp-4738,62.86709925158147,32.04126770360702,MatterSim
mp-474,98.71326192136377,61.51663330173042,MatterSim
mp-4768,122.66280828355163,61.469427533010574,MatterSim
mp-477,69.50030151021117,41.4904439897011,MatterSim
mp-4805,117.52947716405224,62.769332651491986,MatterSim
mp-4823,50.900264142984014,25.82275249796762,MatterSim
mp-4864,40.22062958348959,24.91218866959941,MatterSim
mp-4876,31.826834366450402,14.145386110973838,MatterSim
mp-495,63.67099990444908,36.32354838394318,MatterSim
mp-4962,117.30292269643877,70.11927152563146,MatterSim
mp-4988,39.004748947743714,17.587455579799805,MatterSim
mp-4999,126.49163259047735,67.13125736333039,MatterSim
mp-500,91.98811039040976,51.061230747985114,MatterSim
mp-5022,168.20683082506716,94.35843373537222,MatterSim
mp-5038,29.61843157619488,17.39276682262351,MatterSim
mp-505517,206.8400996069055,109.79713304775285,MatterSim
mp-505540,182.58180203751354,87.24800642576326,MatterSim
mp-505804,98.78081037011167,51.122393364266394,MatterSim
mp-505822,199.81865624154062,99.30351049218798,MatterSim
mp-5068,84.60042172348396,45.90737261138684,MatterSim
mp-5072,31.50305861001321,17.90868309603473,MatterSim
mp-5075,188.70486495948154,122.51293122526512,MatterSim
mp-510374,63.27470560261702,43.97977973151932,MatterSim
mp-510403,62.3368795570419,60.20267501842058,MatterSim
mp-510441,120.84005531478925,52.103269192953825,MatterSim
mp-5200,168.53457627496022,71.123311491781,MatterSim
mp-5251,90.6493655638783,57.13003773720477,MatterSim
mp-5259,79.40261766636185,48.28252860809761,MatterSim
mp-5292,114.04719957711832,61.48559395131722,MatterSim
mp-530274,192.94885307308775,121.29629626130883,MatterSim
mp-534,242.0330264863957,216.67245176083975,MatterSim
mp-5392,158.10291939822838,109.33332962922331,MatterSim
mp-5407,179.08544066295227,99.31416994490806,MatterSim
mp-540839,18.473338816164524,8.977794074050367,MatterSim
mp-541449,48.95608127704401,25.24345081951635,MatterSim
mp-541487,75.63652088063576,32.330950338155745,MatterSim
mp-541627,82.46729997829,38.65431039913016,MatterSim
mp-541840,134.98228416028644,58.50038003971587,MatterSim
mp-541895,112.8830452196656,79.08049075165384,MatterSim
mp-541989,69.57786626319982,41.836435546775704,MatterSim
mp-542106,126.82290710747466,38.838434982645246,MatterSim
mp-542170,149.27080629581496,75.43055517492084,MatterSim
mp-542264,121.95592114306876,70.73367924560168,MatterSim
mp-546500,61.636757011042796,36.7072137737224,MatterSim
mp-546679,179.5068236189784,108.82053750476523,MatterSim
mp-5478,143.91084502404328,62.22210482671798,MatterSim
mp-5486,93.81204796716348,52.60391835313645,MatterSim
mp-5492,127.633994828464,83.03596211578912,MatterSim
mp-549490,186.26364756360132,102.75406222850657,MatterSim
mp-550008,163.64280271358095,53.64497319677245,MatterSim
mp-552738,103.42044220791847,54.69171129001347,MatterSim
mp-5532,139.07460885669664,83.51473963280593,MatterSim
mp-5540,226.67436106629563,157.96723752748707,MatterSim
mp-554134,13.47474592804669,5.802483645182272,MatterSim
mp-554573,152.1951625324609,102.03113906490464,MatterSim
mp-554973,71.41175026270982,20.73665926519381,MatterSim
mp-555434,151.32053610719322,116.09347890820791,MatterSim
mp-555483,172.4659651470022,100.64393550579796,MatterSim
mp-556004,74.89038198636601,40.2122267023656,MatterSim
mp-556075,137.32727984586182,82.20766362271011,MatterSim
mp-556084,56.40819662251196,39.32532960110392,MatterSim
mp-556242,116.04341064416775,58.12284888844022,MatterSim
mp-557559,31.219771469915663,15.900582704286359,MatterSim
mp-5577,135.27734056427732,68.36877478160098,MatterSim
mp-558110,66.270374765061,39.3491943609393,MatterSim
mp-558518,65.54543659167756,28.39039149634073,MatterSim
mp-558733,292.3027201020976,223.5073060025441,MatterSim
mp-5589,83.83267379103233,57.336372737504995,MatterSim
mp-561442,191.23740080640283,104.98157211174828,MatterSim
mp-561664,86.12563936609581,49.37400445360262,MatterSim
mp-562517,149.97213085563345,96.29622071751544,MatterSim
mp-5639,191.53786242465912,137.31534541244193,MatterSim
mp-567089,83.32790002507726,28.47128708443859,MatterSim
mp-567181,165.24153882661454,45.06267918605804,MatterSim
mp-567220,128.22752153563334,76.0925380987457,MatterSim
mp-567305,67.73735570510934,54.78816718220301,MatterSim
mp-567397,336.3785084319217,136.44508234512492,MatterSim
mp-567412,68.21896665069782,37.19227683497518,MatterSim
mp-567590,224.92219640189174,74.17392418023483,MatterSim
mp-567703,162.98222155285168,77.64238741452671,MatterSim
mp-567723,117.70610178353076,45.03317866360991,MatterSim
mp-567747,269.9822693112472,120.99395724897111,MatterSim
mp-567841,94.64628485699333,60.4715448159461,MatterSim
mp-568186,166.9636612962224,53.32497084762158,MatterSim
mp-568284,19.735957435777962,8.848831163841453,MatterSim
mp-568286,119.89041079448366,97.40578975600647,MatterSim
mp-568388,26.6060893667328,8.67500980714151,MatterSim
mp-568430,95.43500485273036,44.992814967152235,MatterSim
mp-568631,83.05140160103744,60.15129735275806,MatterSim
mp-5688,150.03572698244298,98.03886524853901,MatterSim
mp-568809,32.45672685661499,21.12638485603883,MatterSim
mp-568940,147.08097958265415,69.25287351882308,MatterSim
mp-5690,160.3664480416324,94.65504079986312,MatterSim
mp-569008,18.046403960231135,7.9177357172674,MatterSim
mp-569054,81.15558887484819,22.121620515719375,MatterSim
mp-569170,40.223959878222644,22.520966154898264,MatterSim
mp-5693,76.4677501876032,43.043032538870825,MatterSim
mp-569331,67.42049833709508,26.11493999122606,MatterSim
mp-569511,125.84892556165096,40.26720639652319,MatterSim
mp-569775,94.74219003644642,52.597481375489714,MatterSim
mp-569833,106.21570366153388,59.78264830838382,MatterSim
mp-569857,31.169447338989677,20.261463315307914,MatterSim
mp-570093,70.30838473756437,38.967927298349586,MatterSim
mp-570197,72.15720557427139,12.32931407362828,MatterSim
mp-570198,54.83071230535005,24.570900380580692,MatterSim
mp-570290,32.672393759844105,14.676794362739908,MatterSim
mp-570354,48.594980861810456,3.816319123697637,MatterSim
mp-570632,50.7852250719237,25.31137792663772,MatterSim
mp-570657,47.458207327224365,19.396039978172986,MatterSim
mp-570683,68.13081474027022,21.055804835130203,MatterSim
mp-571035,51.14725111008917,27.644006522065144,MatterSim
mp-571102,12.90095791748569,2.6262920601039585,MatterSim
mp-571147,183.47252870194748,86.10600678244607,MatterSim
mp-571160,64.9961980655442,17.51995329414781,MatterSim
mp-571193,124.54797671536163,109.49497626918365,MatterSim
mp-571247,127.82946479267464,79.50919910737609,MatterSim
mp-571443,39.39453921536898,18.553857055300302,MatterSim
mp-571622,139.24283869872608,107.79845390165293,MatterSim
mp-571655,158.63581463241604,88.85088820322957,MatterSim
mp-573316,59.570347012187796,29.06125764553817,MatterSim
mp-573755,18.027007469246822,8.553465146866717,MatterSim
mp-579496,195.83707167991636,79.44286572916742,MatterSim
mp-580357,153.40597877797003,58.98739614813874,MatterSim
mp-580364,104.8262064004604,47.242425233888454,MatterSim
mp-580886,100.39087155634746,50.21170278578154,MatterSim
mp-582034,215.40058973510335,182.51071078352973,MatterSim
mp-5869,113.07409463127492,63.11884337227205,MatterSim
mp-5916,114.03611500488911,64.03860609808775,MatterSim
mp-5921,176.09328908689693,43.2727866568025,MatterSim
mp-600561,104.52902229365462,46.32676119199539,MatterSim
mp-603,117.3996733222911,74.37864306182539,MatterSim
mp-6081,131.49714548305687,80.26800214548062,MatterSim
mp-6088,108.88834457144142,48.66155921924373,MatterSim
mp-614603,6.968513466443407,1.3262790712385528,MatterSim
mp-625054,185.65898363226603,131.23981022162886,MatterSim
mp-631388,159.7140578641787,44.419593371632125,MatterSim
mp-631412,170.42162744278016,9.627215264138412,MatterSim
mp-631523,206.37782250224484,48.507525940381676,MatterSim
mp-631547,113.69584127196244,-240.48403572112454,MatterSim
mp-631551,126.1919357065218,26.260222321565227,MatterSim
mp-6319,83.72663782490356,51.61577922012771,MatterSim
mp-636273,34.50223072775192,11.518094945554797,MatterSim
mp-640708,129.65165045046794,78.87715796846807,MatterSim
mp-643084,144.56234062552645,76.86974310750958,MatterSim
mp-643754,64.48528884564253,28.458151568578472,MatterSim
mp-644389,53.77091004379878,36.104073718696945,MatterSim
mp-6504,104.21410936822029,65.17048081125674,MatterSim
mp-6511,42.81079489368893,24.275109589011603,MatterSim
mp-6624,142.78255999652026,88.44224238831566,MatterSim
mp-6633,46.030278161650635,28.89313458667758,MatterSim
mp-6654,49.76696713357674,27.70320543033541,MatterSim
mp-669546,155.8092176380058,57.73263996665298,MatterSim
mp-672294,125.03827437075411,76.87071595205744,MatterSim
mp-672340,93.47358550988305,37.25494308766815,MatterSim
mp-674,108.93026970245712,47.2196009041156,MatterSim
mp-675104,31.353943425342422,15.827968492492015,MatterSim
mp-675172,248.6011664793318,139.1017249161556,MatterSim
mp-675798,91.23279043877744,49.75063939958269,MatterSim
mp-677105,58.656673555037564,27.022739868369165,MatterSim
mp-685935,115.86571078768272,62.11836420369948,MatterSim
mp-6947,293.24720818409764,222.8130318550934,MatterSim
mp-6951,53.68211837818644,23.32883575490037,MatterSim
mp-6954,47.68236163805674,27.57617794196632,MatterSim
mp-7,22.91053757476727,13.695539538195261,MatterSim
mp-712,67.53539172866782,31.164042015098858,MatterSim
mp-718,152.72410619988074,48.739756233073926,MatterSim
mp-720,26.852114145844503,10.494832224171532,MatterSim
mp-7283,172.39668498581597,145.92160863805256,MatterSim
mp-7285,183.37713271507081,84.06594339744767,MatterSim
mp-729,256.4297234593556,152.07998544106042,MatterSim
mp-7303,58.21605265644578,23.781055228085226,MatterSim
mp-733,136.95426663965247,95.60749627630457,MatterSim
mp-7343,66.62503718072743,28.69600166648527,MatterSim
mp-7364,94.16107599315184,35.53794792405297,MatterSim
mp-738,76.76101457119799,26.48001860595774,MatterSim
mp-7387,49.85857978416998,26.241357593427985,MatterSim
mp-739,144.51684265258217,103.38080492626882,MatterSim
mp-7424,188.56180197372646,57.30493545366928,MatterSim
mp-7430,40.65216423826633,17.07082484760845,MatterSim
mp-7435,35.005124578905274,23.270450317894355,MatterSim
mp-7436,27.539101560254913,18.44066007680691,MatterSim
mp-7469,59.89278639093638,31.847423225271054,MatterSim
mp-747,99.79769436727037,49.05168295663062,MatterSim
mp-7482,48.787885536709254,15.45448161243842,MatterSim
mp-752463,213.22209765027503,93.80812382457103,MatterSim
mp-753490,133.00589159096313,65.88022499244889,MatterSim
mp-753506,63.33790439073577,32.282968330007726,MatterSim
mp-753848,135.3929493420613,50.452406039775404,MatterSim
mp-754326,75.8496564223823,42.602105700426314,MatterSim
mp-754434,230.12798342898952,135.63162973883166,MatterSim
mp-754808,136.6079715792866,74.84160750983051,MatterSim
mp-754912,130.07724241614616,45.25780926201957,MatterSim
mp-754940,36.99672106414582,19.99697863624681,MatterSim
mp-755089,215.52825169275923,103.15892291253132,MatterSim
mp-755144,59.67965648820202,44.77040413827298,MatterSim
mp-755895,128.68993086679336,74.49809681649351,MatterSim
mp-757100,96.39020231987803,51.41929016758076,MatterSim
mp-764648,196.51099929351065,107.61339185431025,MatterSim
mp-765294,108.7694553488199,73.4485720566066,MatterSim
mp-771,96.43388903069905,54.69498177513521,MatterSim
mp-7739,69.53120166135997,30.881248450641653,MatterSim
mp-774873,95.90367615454555,58.25462012057476,MatterSim
mp-774922,108.70008360924142,53.62116124577845,MatterSim
mp-778364,87.9879211702578,48.77056921619362,MatterSim
mp-782,78.90165698522594,34.713082959543904,MatterSim
mp-7857,219.28469669975283,176.71697539223004,MatterSim
mp-7877,88.86147306403608,50.04874738684373,MatterSim
mp-7882,48.91895641033597,17.92962790108575,MatterSim
mp-7927,281.8546373732082,116.27388357309366,MatterSim
mp-794,51.362730771047275,26.880556333459506,MatterSim
mp-795,54.73726086527815,30.1129855210543,MatterSim
mp-7973,87.20563592907493,51.893449162155655,MatterSim
mp-8013,84.94810531073814,41.425454682252294,MatterSim
mp-8020,196.86911102737147,91.66649026691762,MatterSim
mp-8033,122.96652460458247,48.95805404618375,MatterSim
mp-8096,97.82444758404543,35.496234999423024,MatterSim
mp-8102,351.2667722770031,75.53798892944877,MatterSim
mp-8126,95.67256182808045,50.384999558689834,MatterSim
mp-8180,90.90773927880714,60.13239475772053,MatterSim
mp-8188,115.06544881012536,74.73846343099353,MatterSim
mp-82,24.91258239610254,6.360569792581674,MatterSim
mp-8207,213.06953508095128,105.15668853089187,MatterSim
mp-825,251.46010940037291,130.2163849518904,MatterSim
mp-839,182.7183380520646,86.26566693247257,MatterSim
mp-8399,52.56318489566282,24.866470298125563,MatterSim
mp-8401,62.392376333536106,35.726493623692456,MatterSim
mp-8409,97.21675436086493,62.764725567983234,MatterSim
mp-8439,43.574029934060455,21.494744733522936,MatterSim
mp-8539,48.81855350725395,21.27856788525617,MatterSim
mp-861182,47.39394187069604,27.23588752106163,MatterSim
mp-861460,44.69326869835684,18.148315628211815,MatterSim
mp-861629,101.59819086619383,40.83162836310265,MatterSim
mp-861735,39.395167853742535,16.033292864907885,MatterSim
mp-861736,107.09919273850448,28.246269854995568,MatterSim
mp-862290,146.5866334308367,62.89139949240421,MatterSim
mp-862335,163.06421550980193,71.03564951905848,MatterSim
mp-862423,128.88194464464362,49.88847371969646,MatterSim
mp-862445,274.92553445286296,133.4222511124994,MatterSim
mp-862602,150.09472596265084,92.49598707163393,MatterSim
mp-862610,174.62146211343685,78.98563429756429,MatterSim
mp-862656,80.43471208542556,56.41228693665285,MatterSim
mp-862684,142.9365256462445,65.26586026306929,MatterSim
mp-862692,43.40128361654622,25.08496792231694,MatterSim
mp-862702,75.98269239150534,24.72129982936427,MatterSim
mp-862713,225.5577911767669,86.85603948441259,MatterSim
mp-862716,62.246578201604365,24.289629173031816,MatterSim
mp-862725,220.2536465400125,98.26448824292052,MatterSim
mp-862769,30.008654033924515,16.48789200469379,MatterSim
mp-862791,182.22584675244715,19.80343180397684,MatterSim
mp-862795,45.0615493987141,21.16243191828696,MatterSim
mp-862797,35.156331152121574,14.018191520849603,MatterSim
mp-862800,18.4533769348123,8.841928281148576,MatterSim
mp-862805,81.37351043856586,22.989699330647163,MatterSim
mp-863677,86.5937722721483,33.101384632728056,MatterSim
mp-863679,185.33173078337296,84.27405428285364,MatterSim
mp-863703,48.26919259358606,34.989854143577865,MatterSim
mp-863711,143.34992070371672,63.48107097496463,MatterSim
mp-863713,99.55907091527928,31.90160677906819,MatterSim
mp-863733,85.83672645268204,31.18932289323627,MatterSim
mp-864633,58.12182918922862,28.4057296684778,MatterSim
mp-864654,155.95350579919923,50.131840573862135,MatterSim
mp-864657,19.137947650136706,9.81297424324812,MatterSim
mp-864668,83.20939766874302,23.08355971623,MatterSim
mp-864684,192.79055362442938,85.86156456628947,MatterSim
mp-864756,30.814518495797653,16.416124669912683,MatterSim
mp-864758,9.964607264265352,2.626853017391433,MatterSim
mp-864765,82.54886170643053,32.38322446331717,MatterSim
mp-864770,265.33017597847225,126.75575970028714,MatterSim
mp-864787,131.8825711190377,30.567343971762032,MatterSim
mp-864804,50.88549355703502,19.196781849946763,MatterSim
mp-864840,219.6350535165457,73.66645266658576,MatterSim
mp-864857,195.29657872690262,75.36280427101384,MatterSim
mp-864897,163.72409269775392,55.524078429306506,MatterSim
mp-864904,70.2140533734584,16.091371124321647,MatterSim
mp-864916,191.11845397169537,83.4084713613828,MatterSim
mp-864922,96.41200057128395,15.271731817659406,MatterSim
mp-864924,58.769673598282594,21.562494189741965,MatterSim
mp-864927,211.82873697412543,92.00346915354241,MatterSim
mp-864933,88.48622970590064,36.19253452944422,MatterSim
mp-864981,100.20407676313081,39.89150923482747,MatterSim
mp-864987,169.81158363816655,63.02232130268906,MatterSim
mp-865025,246.4091580831242,109.86267963127575,MatterSim
mp-865110,26.939056336214165,10.298900294791768,MatterSim
mp-865145,26.889353011825865,5.284036243275817,MatterSim
mp-865195,146.35552126821025,65.45583319076219,MatterSim
mp-865248,178.37685579317926,81.28692317299912,MatterSim
mp-865308,177.92556864135815,68.65807348649247,MatterSim
mp-865324,32.11511777781992,16.05340994921258,MatterSim
mp-865357,112.3420040470995,28.749809424704043,MatterSim
mp-865376,41.00199190450631,17.78428191848254,MatterSim
mp-865382,220.43748412115846,100.6359256774354,MatterSim
mp-865433,75.44604898219302,36.61714175738034,MatterSim
mp-865469,193.96536832753975,79.22378435231548,MatterSim
mp-865472,263.15383036507166,94.91074677745956,MatterSim
mp-865499,272.36430352848924,115.33165165029565,MatterSim
mp-865563,108.69994057540882,27.464361569521458,MatterSim
mp-865797,129.51171734950884,66.77358363975121,MatterSim
mp-865799,52.056390388649106,22.99085998577457,MatterSim
mp-865810,258.57869462696317,123.44116835832877,MatterSim
mp-865895,200.17999364586132,82.27355061998006,MatterSim
mp-865897,36.10433325070351,16.449510887036833,MatterSim
mp-865926,121.86787287196691,35.52030744299224,MatterSim
mp-865932,36.997799638667054,24.982086013237424,MatterSim
mp-865944,152.8348516391624,52.056003628486266,MatterSim
mp-865964,34.44933555153598,22.519580325358827,MatterSim
mp-865995,66.1464344266937,18.799823202492107,MatterSim
mp-866020,51.272680418775785,23.37726325108592,MatterSim
mp-866067,50.237576551798355,27.240425573718518,MatterSim
mp-866087,180.32869222216564,89.99188059809342,MatterSim
mp-866115,196.83905162806093,85.94230017786882,MatterSim
mp-866120,67.5723178294427,24.89942529233825,MatterSim
mp-866132,24.722162898869982,4.156918673298081,MatterSim
mp-866139,192.8054545970931,54.067543980971436,MatterSim
mp-866155,210.50012328297979,83.49654062542122,MatterSim
mp-866161,247.59072398675866,112.0446010838039,MatterSim
mp-866204,62.42391456293811,33.33261912789223,MatterSim
mp-866227,82.4056751887131,29.760785157962342,MatterSim
mp-866295,43.91762360462828,24.400199198232677,MatterSim
mp-867170,149.25082662321026,47.71024852197794,MatterSim
mp-867202,8.052424712339523,8.448905237637563,MatterSim
mp-867213,117.72370521036983,47.176934128306975,MatterSim
mp-867259,73.28611553292015,30.4240728574524,MatterSim
mp-867266,33.54683633446152,14.308459033153754,MatterSim
mp-867290,58.25488786752946,33.96108754771777,MatterSim
mp-867356,311.0442322230209,141.13663778931203,MatterSim
mp-867869,82.14065354556753,34.12374490982662,MatterSim
mp-867874,245.81583844224207,98.84040516508489,MatterSim
mp-867897,204.2163624838633,97.62445528006253,MatterSim
mp-8682,167.26030230445636,112.82218011146627,MatterSim
mp-87,123.71219661581122,133.3017991381846,MatterSim
mp-8874,183.36879931371806,116.96311076361,MatterSim
mp-8911,68.88620198330855,26.67249585206813,MatterSim
mp-8922,154.54228785373078,92.76352782168532,MatterSim
mp-8932,33.50768965134266,19.342191588714957,MatterSim
mp-8969,133.68012415522742,72.03373240590668,MatterSim
mp-900,137.02577824158314,35.74229444289814,MatterSim
mp-9075,93.25003620269212,38.08093818098409,MatterSim
mp-9124,56.298585468138484,30.68461858937905,MatterSim
mp-925,312.098741655345,100.24276715547073,MatterSim
mp-9295,69.73621990500797,32.07678212089891,MatterSim
mp-9304,112.00405458120566,51.1348461374978,MatterSim
mp-9325,82.90075462782985,47.724683287991425,MatterSim
mp-9330,52.80894541893225,26.327425495107402,MatterSim
mp-9387,88.41862319735938,49.824201434282784,MatterSim
mp-9565,39.972256384715884,23.184171436088576,MatterSim
mp-9569,70.66480229190053,38.71045439604496,MatterSim
mp-9574,40.81558378748813,24.02452968276217,MatterSim
mp-9577,51.58550972701121,32.53977661320448,MatterSim
mp-961656,135.6876991632577,66.921770035432,MatterSim
mp-961697,94.36139629416111,38.264550574456145,MatterSim
mp-962077,60.138146818257056,-11.353842277385699,MatterSim
mp-9665,21.11860117878777,11.815477428635143,MatterSim
mp-971669,86.66079463220015,55.75643944665965,MatterSim
mp-971738,156.76512323202095,37.2740006520704,MatterSim
mp-971744,169.63104723324585,52.3994820970385,MatterSim
mp-971837,37.1390133981942,18.12856903968346,MatterSim
mp-971909,143.10703659641229,50.348100337486784,MatterSim
mp-971996,92.18092491534003,45.983063170966,MatterSim
mp-972044,44.492185270107946,25.894679267619097,MatterSim
mp-972062,53.27653586397783,24.830516395023476,MatterSim
mp-972209,252.21595970968383,117.77314367734881,MatterSim
mp-972222,281.95059330839774,109.3111759580173,MatterSim
mp-972257,34.8217262205026,19.929776299112447,MatterSim
mp-972504,56.32488978375043,36.69488716750729,MatterSim
mp-972530,77.99463330660822,28.24648910559059,MatterSim
mp-972692,41.116013528850196,8.35353266296913,MatterSim
mp-972912,28.26044941834844,17.679284591639004,MatterSim
mp-972941,32.92154786982976,8.831540160599872,MatterSim
mp-972954,40.375893814167576,13.962317819727527,MatterSim
mp-972960,84.6070724934532,19.616576030654702,MatterSim
mp-973067,123.87478082430454,41.19622987572641,MatterSim
mp-973174,52.06992491045276,17.989095763971264,MatterSim
mp-973175,55.46632052266337,10.327109686982856,MatterSim
mp-973266,60.48637751837671,33.890821510605925,MatterSim
mp-973316,11.825196269369679,4.969733682124889,MatterSim
mp-973432,133.71848326512324,54.58685404060231,MatterSim
mp-973538,63.649923606970276,38.34311149729801,MatterSim
mp-973556,55.2253811922231,29.31356415546675,MatterSim
mp-973571,45.76800058338565,26.96315981283946,MatterSim
mp-973684,45.294276791189226,27.12519267568935,MatterSim
mp-973750,63.265336927741025,26.06430831911955,MatterSim
mp-973777,39.14161407944091,3.3665288339527484,MatterSim
mp-974061,179.39860315212772,119.25166515258329,MatterSim
mp-974464,242.74617783609136,35.35642042864155,MatterSim
mp-974832,27.15371689032257,7.7400657798504655,MatterSim
mp-974949,14.360994392886662,6.962443934558338,MatterSim
mp-974990,2.46881589288214,5.377675032604558,MatterSim
mp-975206,122.43802225640984,99.31166566525151,MatterSim
mp-975255,85.87244921089588,22.420698004569548,MatterSim
mp-975664,70.32014672800946,25.29828030901962,MatterSim
mp-975972,41.691614435429564,22.887987606379586,MatterSim
mp-976055,22.56171629883534,7.4804327663020835,MatterSim
mp-976263,28.5538399472314,21.456874062830543,MatterSim
mp-976405,33.55404319295678,11.341547334775528,MatterSim
mp-976419,101.43007896448674,-91.56679161770224,MatterSim
mp-976838,184.8989150269443,71.61406887346962,MatterSim
mp-976968,92.7481812987046,20.499986012367852,MatterSim
mp-9771,199.14387942383738,84.32613211788282,MatterSim
mp-977189,20.47050844762201,4.605825879718997,MatterSim
mp-977239,26.37315073196792,10.123867752865108,MatterSim
mp-977286,24.262333521462757,8.886392726802834,MatterSim
mp-977399,83.8787880153614,36.725188883506775,MatterSim
mp-977403,11.801449107753069,0.21908693510178753,MatterSim
mp-977415,89.25747759544898,18.487501637453438,MatterSim
mp-977418,68.45999086446174,19.81730979909467,MatterSim
mp-977421,138.46807599623642,57.75356234418941,MatterSim
mp-977542,43.45877086642504,18.76926854497464,MatterSim
mp-977547,144.31275290168634,52.09406984580349,MatterSim
mp-977553,65.0502459541225,28.389121199950175,MatterSim
mp-977554,77.64938352253573,26.960855887010215,MatterSim
mp-978085,52.56055302024679,22.116138334872744,MatterSim
mp-978291,49.77847506863802,24.763438467472433,MatterSim
mp-978496,178.1705061539497,127.66452090399068,MatterSim
mp-978500,253.60189560656346,138.2548047652858,MatterSim
mp-978507,52.41496090236133,27.2991908585833,MatterSim
mp-978509,186.92293650138345,-107.24297480305539,MatterSim
mp-978527,56.9357562149515,28.64796407692229,MatterSim
mp-978534,69.55514241389479,54.52715335354474,MatterSim
mp-978543,56.14710357223184,27.857517538061796,MatterSim
mp-978549,57.62880216038119,32.218734592808616,MatterSim
mp-978833,58.61983949250085,32.67548889328499,MatterSim
mp-978911,63.78923250236273,24.091654283925788,MatterSim
mp-978926,143.11185633784626,58.85623554929163,MatterSim
mp-978988,66.28383759526609,23.07263402775016,MatterSim
mp-979057,58.12522540679263,27.284368055671802,MatterSim
mp-979234,37.893624758570056,20.396007973624965,MatterSim
mp-979258,65.76708000049592,23.40241568274873,MatterSim
mp-979294,110.63960861518811,52.29649770729969,MatterSim
mp-979419,43.412174178324534,22.461031556166844,MatterSim
mp-979427,59.86178511608226,33.48921295896192,MatterSim
mp-979937,39.93892180292859,16.521142529417766,MatterSim
mp-979938,26.25157782169244,14.271745032320652,MatterSim
mp-979989,48.05270006742194,22.41680149172155,MatterSim
mp-980004,101.16763393615267,48.72779606784434,MatterSim
mp-980199,53.63150543293946,24.980224737736407,MatterSim
mp-980203,306.6531000075433,102.41214152532358,MatterSim
mp-981207,52.05225307597278,25.513907742096112,MatterSim
mp-981234,38.48931295926522,15.940481088119219,MatterSim
mp-981252,39.70439581511141,-20.078196640690848,MatterSim
mp-981393,83.57154969178535,30.71829874113963,MatterSim
mp-982004,82.57945075325937,31.931009570050186,MatterSim
mp-982070,268.46015488827646,112.19613741288772,MatterSim
mp-982370,8.76682363699512,4.284055322295483,MatterSim
mp-982558,125.03209629086194,56.97817454330465,MatterSim
mp-982870,212.8726657430071,65.24284509874366,MatterSim
mp-983567,21.034928620375048,14.066868665355324,MatterSim
mp-984050,72.03538814790608,1.5793827927879698,MatterSim
mp-984352,212.36571541258002,104.86555092513792,MatterSim
mp-9845,32.05969964874755,16.35344947017577,MatterSim
mp-984729,79.73756398788332,49.23921059709899,MatterSim
mp-985439,59.12621068109646,31.495299989944776,MatterSim
mp-989551,65.54975569846208,28.991793596000974,MatterSim
mp-989554,183.8922245787775,69.23217304992984,MatterSim
mp-989562,51.48228747340781,25.592036267249327,MatterSim
mp-989564,241.57882103526504,92.7788145831001,MatterSim
mp-989644,15.759803070422063,10.635017255147606,MatterSim
mp-9898,55.83027729645003,31.695573190205266,MatterSim
mp-993,91.92387073043223,43.96939208020621,MatterSim
mp-9954,127.49702084332485,74.66406610443923,MatterSim
mp-996973,68.83196221406895,26.265955636319553,MatterSim
mp-996990,84.12184653134734,44.02638189603075,MatterSim
mp-997009,87.78198879368551,42.40581412799888,MatterSim
mp-997034,80.73853082542425,42.69961133665273,MatterSim
mp-9973,274.27824635301494,223.58100024945398,MatterSim
mp-997618,89.78236651565031,67.86109329129349,MatterSim
mp-998307,31.577312026632416,15.196762115265535,MatterSim
mp-999069,109.32183413400169,41.435556326710866,MatterSim
mp-999117,356.83311483611106,134.93574804175088,MatterSim
mp-999133,207.33115876743508,51.45467405223272,MatterSim
mp-999201,84.41439048866023,29.506617754669747,MatterSim
mp-999258,75.98393785031598,24.39397951114565,MatterSim
mp-999266,418.31896147481876,160.44692925467965,MatterSim
mp-999474,52.20186236190346,29.33235381133877,MatterSim
mp-999490,62.519938692081325,36.211424303788,MatterSim
mp-999495,32.836420292528814,18.33789732573021,MatterSim
mp-999545,256.331175762344,108.7634564095225,MatterSim
